{"type": "FeatureCollection", "features": [{"type": "Feature", "geometry": {"type": "Polygon", "coordinates": [[[-85.004212, 31.003013], [-85.497137, 30.997536], [-87.600282, 30.997536], [-87.633143, 30.86609], [-87.408589, 30.674397], [-87.446927, 30.510088], [-87.37025, 30.427934], [-87.518128, 30.280057], [-87.655051, 30.247195], [-87.90699, 30.411504], [-87.934375, 30.657966], [-88.011052, 30.685351], [-88.10416, 30.499135], [-88.137022, 30.318396], [-88.394438, 30.367688], [-88.43610192015004, 31.197992], [-85.08220374239994, 31.197992], [-85.004212, 31.003013]]]}, "properties": {"name": "Alabama Zone 1", "state": "Alabama", "code": "AL-001", "population": 1004855, "zips": 100}}, {"type": "Feature", "geometry": {"type": "Polygon", "coordinates": [[[-85.058981, 32.13674], [-85.053504, 32.01077], [-85.141136, 31.840985], [-85.042551, 31.539753], [-85.113751, 31.27686], [-85.08220374239994, 31.197992], [-88.43610192015004, 31.197992], [-88.471115, 31.895754], [-88.44048836242482, 32.148789], [-85.04274097693877, 32.148789], [-85.058981, 32.13674]]]}, "properties": {"name": "Alabama Zone 2", "state": "Alabama", "code": "AL-002", "population": 1004855, "zips": 100}}, {"type": "Feature", "geometry": {"type": "Polygon", "coordinates": [[[-85.184951, 32.859696], [-85.069935, 32.580372], [-84.960397, 32.421541], [-85.004212, 32.322956], [-84.889196, 32.262709], [-85.04274097693877, 32.148789], [-88.44048836242482, 32.148789], [-88.32540659458016, 33.099586], [-85.23168276646989, 33.099586], [-85.184951, 32.859696]]]}, "properties": {"name": "Alabama Zone 3", "state": "Alabama", "code": "AL-003", "population": 1004855, "zips": 100}}, {"type": "Feature", "geometry": {"type": "Polygon", "coordinates": [[[-85.23168276646989, 33.099586], [-88.32540659458016, 33.099586], [-88.241084, 33.796253], [-88.20804697008, 34.050383], [-85.41690275631633, 34.050383], [-85.23168276646989, 33.099586]]]}, "properties": {"name": "Alabama Zone 4", "state": "Alabama", "code": "AL-004", "population": 1004855, "zips": 100}}, {"type": "Feature", "geometry": {"type": "Polygon", "coordinates": [[[-85.606675, 34.984749], [-85.431413, 34.124869], [-85.41690275631633, 34.050383], [-88.20804697008, 34.050383], [-88.098683, 34.891641], [-88.202745, 34.995703], [-87.359296, 35.00118], [-85.606675, 34.984749]]]}, "properties": {"name": "Alabama Zone 5", "state": "Alabama", "code": "AL-005", "population": 1004855, "zips": 100}}, {"type": "Feature", "geometry": {"type": "MultiPolygon", "coordinates": [[[[-131.602021, 55.117982], [-131.569159, 55.28229], [-131.355558, 55.183705], [-131.38842, 55.01392], [-131.645836, 55.035827], [-131.602021, 55.117982]]], [[[-131.832052, 55.42469], [-131.645836, 55.304197], [-131.749898, 55.128935], [-131.832052, 55.189182], [-131.832052, 55.42469]]], [[[-132.976733, 56.437924], [-132.735747, 56.459832], [-132.631685, 56.421493], [-132.664547, 56.273616], [-132.878148, 56.240754], [-133.069841, 56.333862], [-132.976733, 56.437924]]], [[[-133.595627, 56.350293], [-133.162949, 56.317431], [-133.05341, 56.125739], [-132.620732, 55.912138], [-132.472854, 55.780691], [-132.4619, 55.671152], [-132.357838, 55.649245], [-132.341408, 55.506844], [-132.166146, 55.364444], [-132.144238, 55.238474], [-132.029222, 55.276813], [-131.97993, 55.178228], [-131.958022, 54.789365], [-132.029222, 54.701734], [-132.308546, 54.718165], [-132.385223, 54.915335], [-132.483808, 54.898904], [-132.686455, 55.046781], [-132.746701, 54.997489], [-132.916486, 55.046781], [-132.889102, 54.898904], [-132.73027, 54.937242], [-132.626209, 54.882473], [-132.675501, 54.679826], [-132.867194, 54.701734], [-133.157472, 54.95915], [-133.239626, 55.090597], [-133.223195, 55.22752], [-133.453227, 55.216566], [-133.453227, 55.320628], [-133.277964, 55.331582], [-133.102702, 55.42469], [-133.17938, 55.588998], [-133.387503, 55.62186], [-133.420365, 55.884753], [-133.497042, 56.0162], [-133.639442, 55.923092], [-133.694212, 56.070969], [-133.546335, 56.142169], [-133.666827, 56.311955], [-133.595627, 56.350293]]], [[[-133.738027, 55.556137], [-133.546335, 55.490413], [-133.414888, 55.572568], [-133.283441, 55.534229], [-133.420365, 55.386352], [-133.633966, 55.430167], [-133.738027, 55.556137]]], [[[-133.907813, 56.930849], [-134.050213, 57.029434], [-133.885905, 57.095157], [-133.343688, 57.002049], [-133.102702, 57.007526], [-132.932917, 56.82131], [-132.620732, 56.667956], [-132.653593, 56.55294], [-132.817901, 56.492694], [-133.042456, 56.520078], [-133.201287, 56.448878], [-133.420365, 56.492694], [-133.66135, 56.448878], [-133.710643, 56.684386], [-133.688735, 56.837741], [-133.869474, 56.843218], [-133.907813, 56.930849]]], [[[-134.115936, 56.48174], [-134.25286, 56.558417], [-134.400737, 56.722725], [-134.417168, 56.848695], [-134.296675, 56.908941], [-134.170706, 56.848695], [-134.143321, 56.952757], [-133.748981, 56.772017], [-133.710643, 56.596755], [-133.847566, 56.574848], [-133.935197, 56.377678], [-133.836612, 56.322908], [-133.957105, 56.092877], [-134.110459, 56.142169], [-134.132367, 55.999769], [-134.230952, 56.070969], [-134.291198, 56.350293], [-134.115936, 56.48174]]], [[[-134.636246, 56.28457], [-134.669107, 56.169554], [-134.806031, 56.235277], [-135.178463, 56.67891], [-135.413971, 56.810356], [-135.331817, 56.914418], [-135.424925, 57.166357], [-135.687818, 57.369004], [-135.419448, 57.566174], [-135.298955, 57.48402], [-135.063447, 57.418296], [-134.849846, 57.407343], [-134.844369, 57.248511], [-134.636246, 56.728202], [-134.636246, 56.28457]]], [[[-134.712923, 58.223407], [-134.373353, 58.14673], [-134.176183, 58.157683], [-134.187137, 58.081006], [-133.902336, 57.807159], [-134.099505, 57.850975], [-134.148798, 57.757867], [-133.935197, 57.615466], [-133.869474, 57.363527], [-134.083075, 57.297804], [-134.154275, 57.210173], [-134.499322, 57.029434], [-134.603384, 57.034911], [-134.6472, 57.226604], [-134.575999, 57.341619], [-134.608861, 57.511404], [-134.729354, 57.719528], [-134.707446, 57.829067], [-134.784123, 58.097437], [-134.91557, 58.212453], [-134.953908, 58.409623], [-134.712923, 58.223407]]], [[[-135.857603, 57.330665], [-135.715203, 57.330665], [-135.567326, 57.149926], [-135.633049, 57.023957], [-135.857603, 56.996572], [-135.824742, 57.193742], [-135.857603, 57.330665]]], [[[-136.279328, 58.206976], [-135.978096, 58.201499], [-135.780926, 58.28913], [-135.496125, 58.168637], [-135.64948, 58.037191], [-135.59471, 57.987898], [-135.45231, 58.135776], [-135.107263, 58.086483], [-134.91557, 57.976944], [-135.025108, 57.779775], [-134.937477, 57.763344], [-134.822462, 57.500451], [-135.085355, 57.462112], [-135.572802, 57.675713], [-135.556372, 57.456635], [-135.709726, 57.369004], [-135.890465, 57.407343], [-136.000004, 57.544266], [-136.208128, 57.637374], [-136.366959, 57.829067], [-136.569606, 57.916698], [-136.558652, 58.075529], [-136.421728, 58.130299], [-136.377913, 58.267222], [-136.279328, 58.206976]]], [[[-147.079854, 60.200582], [-147.501579, 59.948643], [-147.53444, 59.850058], [-147.874011, 59.784335], [-147.80281, 59.937689], [-147.435855, 60.09652], [-147.205824, 60.271782], [-147.079854, 60.200582]]], [[[-147.561825, 60.578491], [-147.616594, 60.370367], [-147.758995, 60.156767], [-147.956165, 60.227967], [-147.791856, 60.474429], [-147.561825, 60.578491]]], [[[-147.786379, 70.245291], [-147.682318, 70.201475], [-147.162008, 70.15766], [-146.888161, 70.185044], [-146.510252, 70.185044], [-146.099482, 70.146706], [-145.858496, 70.168614], [-145.622988, 70.08646], [-145.195787, 69.993352], [-144.620708, 69.971444], [-144.461877, 70.026213], [-144.078491, 70.059075], [-143.914183, 70.130275], [-143.497935, 70.141229], [-143.503412, 70.091936], [-143.25695, 70.119321], [-142.747594, 70.042644], [-142.402547, 69.916674], [-142.079408, 69.856428], [-142.008207, 69.801659], [-141.712453, 69.790705], [-141.433129, 69.697597], [-141.378359, 69.63735], [-141.208574, 69.686643], [-141.00045, 69.648304], [-141.00045, 60.304644], [-140.53491, 60.22249], [-140.474664, 60.310121], [-139.987216, 60.184151], [-139.696939, 60.342983], [-139.088998, 60.359413], [-139.198537, 60.091043], [-139.045183, 59.997935], [-138.700135, 59.910304], [-138.623458, 59.767904], [-137.604747, 59.242118], [-137.445916, 58.908024], [-137.265177, 59.001132], [-136.827022, 59.159963], [-136.580559, 59.16544], [-136.465544, 59.285933], [-136.476498, 59.466672], [-136.301236, 59.466672], [-136.25742, 59.625503], [-135.945234, 59.663842], [-135.479694, 59.800766], [-135.025108, 59.565257], [-135.068924, 59.422857], [-134.959385, 59.280456], [-134.701969, 59.247595], [-134.378829, 59.033994], [-134.400737, 58.973748], [-134.25286, 58.858732], [-133.842089, 58.727285], [-133.173903, 58.152206], [-133.075318, 57.998852], [-132.867194, 57.845498], [-132.560485, 57.505928], [-132.253777, 57.21565], [-132.368792, 57.095157], [-132.05113, 57.051341], [-132.127807, 56.876079], [-131.870391, 56.804879], [-131.837529, 56.602232], [-131.580113, 56.613186], [-131.087188, 56.405062], [-130.78048, 56.366724], [-130.621648, 56.268139], [-130.468294, 56.240754], [-130.424478, 56.142169], [-130.101339, 56.114785], [-130.002754, 55.994292], [-130.150631, 55.769737], [-130.128724, 55.583521], [-129.986323, 55.276813], [-130.095862, 55.200136], [-130.336847, 54.920812], [-130.687372, 54.718165], [-130.785957, 54.822227], [-130.917403, 54.789365], [-131.010511, 54.997489], [-130.983126, 55.08512], [-131.092665, 55.189182], [-130.862634, 55.298721], [-130.928357, 55.337059], [-131.158389, 55.200136], [-131.284358, 55.287767], [-131.426759, 55.238474], [-131.843006, 55.457552], [-131.700606, 55.698537], [-131.963499, 55.616383], [-131.974453, 55.49589], [-132.182576, 55.588998], [-132.226392, 55.704014], [-132.083991, 55.829984], [-132.127807, 55.955953], [-132.324977, 55.851892], [-132.522147, 56.076446], [-132.642639, 56.032631], [-132.719317, 56.218847], [-132.527624, 56.339339], [-132.341408, 56.339339], [-132.396177, 56.487217], [-132.297592, 56.67891], [-132.450946, 56.673433], [-132.768609, 56.837741], [-132.993164, 57.034911], [-133.51895, 57.177311], [-133.507996, 57.577128], [-133.677781, 57.62642], [-133.639442, 57.790728], [-133.814705, 57.834544], [-134.072121, 58.053622], [-134.143321, 58.168637], [-134.586953, 58.206976], [-135.074401, 58.502731], [-135.282525, 59.192825], [-135.38111, 59.033994], [-135.337294, 58.891593], [-135.140124, 58.617746], [-135.189417, 58.573931], [-135.05797, 58.349376], [-135.085355, 58.201499], [-135.277048, 58.234361], [-135.430402, 58.398669], [-135.633049, 58.426053], [-135.91785, 58.382238], [-135.912373, 58.617746], [-136.087635, 58.814916], [-136.246466, 58.75467], [-136.876314, 58.962794], [-136.931084, 58.902547], [-136.586036, 58.836824], [-136.317666, 58.672516], [-136.213604, 58.667039], [-136.180743, 58.535592], [-136.043819, 58.382238], [-136.388867, 58.294607], [-136.591513, 58.349376], [-136.59699, 58.212453], [-136.859883, 58.316515], [-136.947514, 58.393192], [-137.111823, 58.393192], [-137.566409, 58.590362], [-137.900502, 58.765624], [-137.933364, 58.869686], [-138.11958, 59.02304], [-138.634412, 59.132579], [-138.919213, 59.247595], [-139.417615, 59.379041], [-139.746231, 59.505011], [-139.718846, 59.641934], [-139.625738, 59.598119], [-139.5162, 59.68575], [-139.625738, 59.88292], [-139.488815, 59.992458], [-139.554538, 60.041751], [-139.801, 59.833627], [-140.315833, 59.696704], [-140.92925, 59.745996], [-141.444083, 59.871966], [-141.46599, 59.970551], [-141.706976, 59.948643], [-141.964392, 60.019843], [-142.539471, 60.085566], [-142.873564, 60.091043], [-143.623905, 60.036274], [-143.892275, 59.997935], [-144.231845, 60.140336], [-144.65357, 60.206059], [-144.785016, 60.29369], [-144.834309, 60.441568], [-145.124586, 60.430614], [-145.223171, 60.299167], [-145.738004, 60.474429], [-145.820158, 60.551106], [-146.351421, 60.408706], [-146.608837, 60.238921], [-146.718376, 60.397752], [-146.608837, 60.485383], [-146.455483, 60.463475], [-145.951604, 60.578491], [-146.017328, 60.666122], [-146.252836, 60.622307], [-146.345944, 60.737322], [-146.565022, 60.753753], [-146.784099, 61.044031], [-146.866253, 60.972831], [-147.172962, 60.934492], [-147.271547, 60.972831], [-147.375609, 60.879723], [-147.758995, 60.912584], [-147.775426, 60.808523], [-148.032842, 60.781138], [-148.153334, 60.819476], [-148.065703, 61.005692], [-148.175242, 61.000215], [-148.350504, 60.803046], [-148.109519, 60.737322], [-148.087611, 60.594922], [-147.939734, 60.441568], [-148.027365, 60.277259], [-148.219058, 60.332029], [-148.273827, 60.249875], [-148.087611, 60.217013], [-147.983549, 59.997935], [-148.251919, 59.95412], [-148.399797, 59.997935], [-148.635305, 59.937689], [-148.755798, 59.986981], [-149.067984, 59.981505], [-149.05703, 60.063659], [-149.204907, 60.008889], [-149.287061, 59.904827], [-149.418508, 59.997935], [-149.582816, 59.866489], [-149.511616, 59.806242], [-149.741647, 59.729565], [-149.949771, 59.718611], [-150.031925, 59.61455], [-150.25648, 59.521442], [-150.409834, 59.554303], [-150.579619, 59.444764], [-150.716543, 59.450241], [-151.001343, 59.225687], [-151.308052, 59.209256], [-151.406637, 59.280456], [-151.592853, 59.159963], [-151.976239, 59.253071], [-151.888608, 59.422857], [-151.636669, 59.483103], [-151.47236, 59.472149], [-151.423068, 59.537872], [-151.127313, 59.669319], [-151.116359, 59.778858], [-151.505222, 59.63098], [-151.828361, 59.718611], [-151.8667, 59.778858], [-151.702392, 60.030797], [-151.423068, 60.211536], [-151.379252, 60.359413], [-151.297098, 60.386798], [-151.264237, 60.545629], [-151.406637, 60.720892], [-151.06159, 60.786615], [-150.404357, 61.038554], [-150.245526, 60.939969], [-150.042879, 60.912584], [-149.741647, 61.016646], [-150.075741, 61.15357], [-150.207187, 61.257632], [-150.47008, 61.246678], [-150.656296, 61.29597], [-150.711066, 61.252155], [-151.023251, 61.180954], [-151.165652, 61.044031], [-151.477837, 61.011169], [-151.800977, 60.852338], [-151.833838, 60.748276], [-152.080301, 60.693507], [-152.13507, 60.578491], [-152.310332, 60.507291], [-152.392486, 60.304644], [-152.732057, 60.173197], [-152.567748, 60.069136], [-152.704672, 59.915781], [-153.022334, 59.888397], [-153.049719, 59.691227], [-153.345474, 59.620026], [-153.438582, 59.702181], [-153.586459, 59.548826], [-153.761721, 59.543349], [-153.72886, 59.433811], [-154.117723, 59.368087], [-154.1944, 59.066856], [-153.750768, 59.050425], [-153.400243, 58.968271], [-153.301658, 58.869686], [-153.444059, 58.710854], [-153.679567, 58.612269], [-153.898645, 58.606793], [-153.920553, 58.519161], [-154.062953, 58.4863], [-153.99723, 58.376761], [-154.145107, 58.212453], [-154.46277, 58.059098], [-154.643509, 58.059098], [-154.818771, 58.004329], [-154.988556, 58.015283], [-155.120003, 57.955037], [-155.081664, 57.872883], [-155.328126, 57.829067], [-155.377419, 57.708574], [-155.547204, 57.785251], [-155.73342, 57.549743], [-156.045606, 57.566174], [-156.023698, 57.440204], [-156.209914, 57.473066], [-156.34136, 57.418296], [-156.34136, 57.248511], [-156.549484, 56.985618], [-156.883577, 56.952757], [-157.157424, 56.832264], [-157.20124, 56.766541], [-157.376502, 56.859649], [-157.672257, 56.607709], [-157.754411, 56.67891], [-157.918719, 56.657002], [-157.957058, 56.514601], [-158.126843, 56.459832], [-158.32949, 56.48174], [-158.488321, 56.339339], [-158.208997, 56.295524], [-158.510229, 55.977861], [-159.375585, 55.873799], [-159.616571, 55.594475], [-159.676817, 55.654722], [-159.643955, 55.829984], [-159.813741, 55.857368], [-160.027341, 55.791645], [-160.060203, 55.720445], [-160.394296, 55.605429], [-160.536697, 55.473983], [-160.580512, 55.567091], [-160.668143, 55.457552], [-160.865313, 55.528752], [-161.232268, 55.358967], [-161.506115, 55.364444], [-161.467776, 55.49589], [-161.588269, 55.62186], [-161.697808, 55.517798], [-161.686854, 55.408259], [-162.053809, 55.074166], [-162.179779, 55.15632], [-162.218117, 55.03035], [-162.470057, 55.052258], [-162.508395, 55.249428], [-162.661749, 55.293244], [-162.716519, 55.222043], [-162.579595, 55.134412], [-162.645319, 54.997489], [-162.847965, 54.926289], [-163.00132, 55.079643], [-163.187536, 55.090597], [-163.220397, 55.03035], [-163.034181, 54.942719], [-163.373752, 54.800319], [-163.14372, 54.76198], [-163.138243, 54.696257], [-163.329936, 54.74555], [-163.587352, 54.614103], [-164.085754, 54.61958], [-164.332216, 54.531949], [-164.354124, 54.466226], [-164.638925, 54.389548], [-164.847049, 54.416933], [-164.918249, 54.603149], [-164.710125, 54.663395], [-164.551294, 54.88795], [-164.34317, 54.893427], [-163.894061, 55.041304], [-163.532583, 55.046781], [-163.39566, 54.904381], [-163.291598, 55.008443], [-163.313505, 55.128935], [-163.105382, 55.183705], [-162.880827, 55.183705], [-162.579595, 55.446598], [-162.245502, 55.682106], [-161.807347, 55.89023], [-161.292514, 55.983338], [-161.078914, 55.939523], [-160.87079, 55.999769], [-160.816021, 55.912138], [-160.931036, 55.813553], [-160.805067, 55.736876], [-160.766728, 55.857368], [-160.509312, 55.868322], [-160.438112, 55.791645], [-160.27928, 55.76426], [-160.273803, 55.857368], [-160.536697, 55.939523], [-160.558604, 55.994292], [-160.383342, 56.251708], [-160.147834, 56.399586], [-159.830171, 56.541986], [-159.326293, 56.667956], [-158.959338, 56.848695], [-158.784076, 56.782971], [-158.641675, 56.810356], [-158.701922, 56.925372], [-158.658106, 57.034911], [-158.378782, 57.264942], [-157.995396, 57.41282], [-157.688688, 57.609989], [-157.705118, 57.719528], [-157.458656, 58.497254], [-157.07527, 58.705377], [-157.119086, 58.869686], [-158.039212, 58.634177], [-158.32949, 58.661562], [-158.40069, 58.760147], [-158.564998, 58.803962], [-158.619768, 58.913501], [-158.767645, 58.864209], [-158.860753, 58.694424], [-158.701922, 58.480823], [-158.893615, 58.387715], [-159.0634, 58.420577], [-159.392016, 58.760147], [-159.616571, 58.929932], [-159.731586, 58.929932], [-159.808264, 58.803962], [-159.906848, 58.782055], [-160.054726, 58.886116], [-160.235465, 58.902547], [-160.317619, 59.072332], [-160.854359, 58.88064], [-161.33633, 58.743716], [-161.374669, 58.667039], [-161.752577, 58.552023], [-161.938793, 58.656085], [-161.769008, 58.776578], [-161.829255, 59.061379], [-161.955224, 59.36261], [-161.703285, 59.48858], [-161.911409, 59.740519], [-162.092148, 59.88292], [-162.234548, 60.091043], [-162.448149, 60.178674], [-162.502918, 59.997935], [-162.760334, 59.959597], [-163.171105, 59.844581], [-163.66403, 59.795289], [-163.9324, 59.806242], [-164.162431, 59.866489], [-164.189816, 60.02532], [-164.386986, 60.074613], [-164.699171, 60.29369], [-164.962064, 60.337506], [-165.268773, 60.578491], [-165.060649, 60.68803], [-165.016834, 60.890677], [-165.175665, 60.846861], [-165.197573, 60.972831], [-165.120896, 61.076893], [-165.323543, 61.170001], [-165.34545, 61.071416], [-165.591913, 61.109754], [-165.624774, 61.279539], [-165.816467, 61.301447], [-165.920529, 61.416463], [-165.915052, 61.558863], [-166.106745, 61.49314], [-166.139607, 61.630064], [-165.904098, 61.662925], [-166.095791, 61.81628], [-165.756221, 61.827233], [-165.756221, 62.013449], [-165.674067, 62.139419], [-165.044219, 62.539236], [-164.912772, 62.659728], [-164.819664, 62.637821], [-164.874433, 62.807606], [-164.633448, 63.097884], [-164.425324, 63.212899], [-164.036462, 63.262192], [-163.73523, 63.212899], [-163.313505, 63.037637], [-163.039658, 63.059545], [-162.661749, 63.22933], [-162.272887, 63.486746], [-162.075717, 63.514131], [-162.026424, 63.448408], [-161.555408, 63.448408], [-161.13916, 63.503177], [-160.766728, 63.771547], [-160.766728, 63.837271], [-160.952944, 64.08921], [-160.974852, 64.237087], [-161.26513, 64.395918], [-161.374669, 64.532842], [-161.078914, 64.494503], [-160.79959, 64.609519], [-160.783159, 64.719058], [-161.144637, 64.921705], [-161.413007, 64.762873], [-161.664946, 64.790258], [-161.900455, 64.702627], [-162.168825, 64.680719], [-162.234548, 64.620473], [-162.541257, 64.532842], [-162.634365, 64.384965], [-162.787719, 64.324718], [-162.858919, 64.49998], [-163.045135, 64.538319], [-163.176582, 64.401395], [-163.253259, 64.467119], [-163.598306, 64.565704], [-164.304832, 64.560227], [-164.80871, 64.450688], [-165.000403, 64.434257], [-165.411174, 64.49998], [-166.188899, 64.576658], [-166.391546, 64.636904], [-166.484654, 64.735489], [-166.413454, 64.872412], [-166.692778, 64.987428], [-166.638008, 65.113398], [-166.462746, 65.179121], [-166.517516, 65.337952], [-166.796839, 65.337952], [-167.026871, 65.381768], [-167.47598, 65.414629], [-167.711489, 65.496784], [-168.072967, 65.578938], [-168.105828, 65.682999], [-167.541703, 65.819923], [-166.829701, 66.049954], [-166.3313, 66.186878], [-166.046499, 66.110201], [-165.756221, 66.09377], [-165.690498, 66.203309], [-165.86576, 66.21974], [-165.88219, 66.312848], [-165.186619, 66.466202], [-164.403417, 66.581218], [-163.981692, 66.592172], [-163.751661, 66.553833], [-163.872153, 66.389525], [-163.828338, 66.274509], [-163.915969, 66.192355], [-163.768091, 66.060908], [-163.494244, 66.082816], [-163.149197, 66.060908], [-162.749381, 66.088293], [-162.634365, 66.039001], [-162.371472, 66.028047], [-162.14144, 66.077339], [-161.840208, 66.02257], [-161.549931, 66.241647], [-161.341807, 66.252601], [-161.199406, 66.208786], [-161.128206, 66.334755], [-161.528023, 66.395002], [-161.911409, 66.345709], [-161.87307, 66.510017], [-162.174302, 66.68528], [-162.502918, 66.740049], [-162.601503, 66.89888], [-162.344087, 66.937219], [-162.015471, 66.778388], [-162.075717, 66.652418], [-161.916886, 66.553833], [-161.571838, 66.438817], [-161.489684, 66.55931], [-161.884024, 66.718141], [-161.714239, 67.002942], [-161.851162, 67.052235], [-162.240025, 66.991988], [-162.639842, 67.008419], [-162.700088, 67.057712], [-162.902735, 67.008419], [-163.740707, 67.128912], [-163.757138, 67.254881], [-164.009077, 67.534205], [-164.211724, 67.638267], [-164.534863, 67.725898], [-165.192096, 67.966884], [-165.493328, 68.059992], [-165.794559, 68.081899], [-166.243668, 68.246208], [-166.681824, 68.339316], [-166.703731, 68.372177], [-166.375115, 68.42147], [-166.227238, 68.574824], [-166.216284, 68.881533], [-165.329019, 68.859625], [-164.255539, 68.930825], [-163.976215, 68.985595], [-163.532583, 69.138949], [-163.110859, 69.374457], [-163.023228, 69.609966], [-162.842489, 69.812613], [-162.470057, 69.982398], [-162.311225, 70.108367], [-161.851162, 70.311014], [-161.779962, 70.256245], [-161.396576, 70.239814], [-160.837928, 70.343876], [-160.487404, 70.453415], [-159.649432, 70.792985], [-159.33177, 70.809416], [-159.298908, 70.760123], [-158.975769, 70.798462], [-158.658106, 70.787508], [-158.033735, 70.831323], [-157.420318, 70.979201], [-156.812377, 71.285909], [-156.565915, 71.351633], [-156.522099, 71.296863], [-155.585543, 71.170894], [-155.508865, 71.083263], [-155.832005, 70.968247], [-155.979882, 70.96277], [-155.974405, 70.809416], [-155.503388, 70.858708], [-155.476004, 70.940862], [-155.262403, 71.017539], [-155.191203, 70.973724], [-155.032372, 71.148986], [-154.566832, 70.990155], [-154.643509, 70.869662], [-154.353231, 70.8368], [-154.183446, 70.7656], [-153.931507, 70.880616], [-153.487874, 70.886093], [-153.235935, 70.924431], [-152.589656, 70.886093], [-152.26104, 70.842277], [-152.419871, 70.606769], [-151.817408, 70.546523], [-151.773592, 70.486276], [-151.187559, 70.382214], [-151.182082, 70.431507], [-150.760358, 70.49723], [-150.355064, 70.491753], [-150.349588, 70.436984], [-150.114079, 70.431507], [-149.867617, 70.508184], [-149.462323, 70.519138], [-149.177522, 70.486276], [-148.78866, 70.404122], [-148.607921, 70.420553], [-148.350504, 70.305537], [-148.202627, 70.349353], [-147.961642, 70.316491], [-147.786379, 70.245291]]], [[[-152.94018, 58.026237], [-152.945657, 57.982421], [-153.290705, 58.048145], [-153.044242, 58.305561], [-152.819688, 58.327469], [-152.666333, 58.562977], [-152.496548, 58.354853], [-152.354148, 58.426053], [-152.080301, 58.311038], [-152.080301, 58.152206], [-152.480117, 58.130299], [-152.655379, 58.059098], [-152.94018, 58.026237]]], [[[-153.958891, 57.538789], [-153.67409, 57.670236], [-153.931507, 57.69762], [-153.936983, 57.812636], [-153.723383, 57.889313], [-153.570028, 57.834544], [-153.548121, 57.719528], [-153.46049, 57.796205], [-153.455013, 57.96599], [-153.268797, 57.889313], [-153.235935, 57.998852], [-153.071627, 57.933129], [-152.874457, 57.933129], [-152.721103, 57.993375], [-152.469163, 57.889313], [-152.469163, 57.599035], [-152.151501, 57.620943], [-152.359625, 57.42925], [-152.74301, 57.505928], [-152.60061, 57.379958], [-152.710149, 57.275896], [-152.907319, 57.325188], [-152.912796, 57.128019], [-153.214027, 57.073249], [-153.312612, 56.991095], [-153.498828, 57.067772], [-153.695998, 56.859649], [-153.849352, 56.837741], [-154.013661, 56.744633], [-154.073907, 56.969187], [-154.303938, 56.848695], [-154.314892, 56.919895], [-154.523016, 56.991095], [-154.539447, 57.193742], [-154.742094, 57.275896], [-154.627078, 57.511404], [-154.227261, 57.659282], [-153.980799, 57.648328], [-153.958891, 57.538789]]], [[[-154.53397, 56.602232], [-154.742094, 56.399586], [-154.807817, 56.432447], [-154.53397, 56.602232]]], [[[-155.634835, 55.923092], [-155.476004, 55.912138], [-155.530773, 55.704014], [-155.793666, 55.731399], [-155.837482, 55.802599], [-155.634835, 55.923092]]], [[[-159.890418, 55.28229], [-159.950664, 55.068689], [-160.257373, 54.893427], [-160.109495, 55.161797], [-160.005433, 55.134412], [-159.890418, 55.28229]]], [[[-160.520266, 55.358967], [-160.33405, 55.358967], [-160.339527, 55.249428], [-160.525743, 55.128935], [-160.690051, 55.211089], [-160.794113, 55.134412], [-160.854359, 55.320628], [-160.79959, 55.380875], [-160.520266, 55.358967]]], [[[-162.256456, 54.981058], [-162.234548, 54.893427], [-162.349564, 54.838658], [-162.437195, 54.931766], [-162.256456, 54.981058]]], [[[-162.415287, 63.634624], [-162.563165, 63.536039], [-162.612457, 63.62367], [-162.415287, 63.634624]]], [[[-162.80415, 54.488133], [-162.590549, 54.449795], [-162.612457, 54.367641], [-162.782242, 54.373118], [-162.80415, 54.488133]]], [[[-165.548097, 54.29644], [-165.476897, 54.181425], [-165.630251, 54.132132], [-165.685021, 54.252625], [-165.548097, 54.29644]]], [[[-165.73979, 54.15404], [-166.046499, 54.044501], [-166.112222, 54.121178], [-165.980775, 54.219763], [-165.73979, 54.15404]]], [[[-166.364161, 60.359413], [-166.13413, 60.397752], [-166.084837, 60.326552], [-165.88219, 60.342983], [-165.685021, 60.277259], [-165.646682, 59.992458], [-165.750744, 59.89935], [-166.00816, 59.844581], [-166.062929, 59.745996], [-166.440838, 59.855535], [-166.6161, 59.850058], [-166.994009, 59.992458], [-167.125456, 59.992458], [-167.344534, 60.074613], [-167.421211, 60.206059], [-167.311672, 60.238921], [-166.93924, 60.206059], [-166.763978, 60.310121], [-166.577762, 60.321075], [-166.495608, 60.392275], [-166.364161, 60.359413]]], [[[-166.375115, 54.01164], [-166.210807, 53.934962], [-166.5449, 53.748746], [-166.539423, 53.715885], [-166.117699, 53.852808], [-166.112222, 53.776131], [-166.282007, 53.683023], [-166.555854, 53.622777], [-166.583239, 53.529669], [-166.878994, 53.431084], [-167.13641, 53.425607], [-167.306195, 53.332499], [-167.623857, 53.250345], [-167.793643, 53.337976], [-167.459549, 53.442038], [-167.355487, 53.425607], [-167.103548, 53.513238], [-167.163794, 53.611823], [-167.021394, 53.715885], [-166.807793, 53.666592], [-166.785886, 53.732316], [-167.015917, 53.754223], [-167.141887, 53.825424], [-167.032348, 53.945916], [-166.643485, 54.017116], [-166.561331, 53.880193], [-166.375115, 54.01164]]], [[[-168.790446, 53.157237], [-168.40706, 53.34893], [-168.385152, 53.431084], [-168.237275, 53.524192], [-168.007243, 53.568007], [-167.886751, 53.518715], [-167.842935, 53.387268], [-168.270136, 53.244868], [-168.500168, 53.036744], [-168.686384, 52.965544], [-168.790446, 53.157237]]], [[[-169.74891, 52.894344], [-169.705095, 52.795759], [-169.962511, 52.790282], [-169.989896, 52.856005], [-169.74891, 52.894344]]], [[[-170.148727, 57.221127], [-170.28565, 57.128019], [-170.313035, 57.221127], [-170.148727, 57.221127]]], [[[-170.669036, 52.697174], [-170.603313, 52.604066], [-170.789529, 52.538343], [-170.816914, 52.636928], [-170.669036, 52.697174]]], [[[-171.742517, 63.716778], [-170.94836, 63.5689], [-170.488297, 63.69487], [-170.280174, 63.683916], [-170.093958, 63.612716], [-170.044665, 63.492223], [-169.644848, 63.4265], [-169.518879, 63.366254], [-168.99857, 63.338869], [-168.686384, 63.295053], [-168.856169, 63.147176], [-169.108108, 63.180038], [-169.376478, 63.152653], [-169.513402, 63.08693], [-169.639372, 62.939052], [-169.831064, 63.075976], [-170.055619, 63.169084], [-170.263743, 63.180038], [-170.362328, 63.2841], [-170.866206, 63.415546], [-171.101715, 63.421023], [-171.463193, 63.306007], [-171.73704, 63.366254], [-171.852055, 63.486746], [-171.742517, 63.716778]]], [[[-172.432611, 52.390465], [-172.41618, 52.275449], [-172.607873, 52.253542], [-172.569535, 52.352127], [-172.432611, 52.390465]]], [[[-173.626584, 52.14948], [-173.495138, 52.105664], [-173.122706, 52.111141], [-173.106275, 52.07828], [-173.549907, 52.028987], [-173.626584, 52.14948]]], [[[-174.322156, 52.280926], [-174.327632, 52.379511], [-174.185232, 52.41785], [-173.982585, 52.319265], [-174.059262, 52.226157], [-174.179755, 52.231634], [-174.141417, 52.127572], [-174.333109, 52.116618], [-174.738403, 52.007079], [-174.968435, 52.039941], [-174.902711, 52.116618], [-174.656249, 52.105664], [-174.322156, 52.280926]]], [[[-176.469116, 51.853725], [-176.288377, 51.870156], [-176.288377, 51.744186], [-176.518409, 51.760617], [-176.80321, 51.61274], [-176.912748, 51.80991], [-176.792256, 51.815386], [-176.775825, 51.963264], [-176.627947, 51.968741], [-176.627947, 51.859202], [-176.469116, 51.853725]]], [[[-177.153734, 51.946833], [-177.044195, 51.897541], [-177.120872, 51.727755], [-177.274226, 51.678463], [-177.279703, 51.782525], [-177.153734, 51.946833]]], [[[-178.123152, 51.919448], [-177.953367, 51.913971], [-177.800013, 51.793479], [-177.964321, 51.651078], [-178.123152, 51.919448]]], [[[-187.107557, 52.992929], [-187.293773, 52.927205], [-187.304726, 52.823143], [-188.90491, 52.762897], [-188.642017, 52.927205], [-188.642017, 53.003883], [-187.107557, 52.992929]]]]}, "properties": {"name": "Alaska Territory", "state": "Alaska", "code": "AL-001", "population": 733391, "zips": 73}}, {"type": "Feature", "geometry": {"type": "Polygon", "coordinates": [[[-114.815198, 32.492741], [-114.72209, 32.717295], [-114.524921, 32.755634], [-114.470151, 32.843265], [-114.524921, 33.029481], [-114.661844, 33.034958], [-114.727567, 33.40739], [-114.524921, 33.54979], [-114.497536, 33.697668], [-114.535874, 33.933176], [-114.415382, 34.108438], [-114.256551, 34.174162], [-114.136058, 34.305608], [-114.333228, 34.448009], [-114.470151, 34.710902], [-114.634459, 34.87521], [-114.634459, 35.00118], [-114.574213, 35.138103], [-114.596121, 35.324319], [-114.678275, 35.516012], [-114.738521, 36.102045], [-114.371566, 36.140383], [-114.251074, 36.01989], [-114.152489, 36.025367], [-114.048427, 36.195153], [-114.048427, 37.000263], [-113.99052728571428, 37.00035235236762], [-113.99052728571428, 32.23953700692851], [-114.815198, 32.492741]]]}, "properties": {"name": "Arizona Zone 1", "state": "Arizona", "code": "AR-001", "population": 1021643, "zips": 102}}, {"type": "Feature", "geometry": {"type": "Polygon", "coordinates": [[[-113.99052728571428, 32.23953700692851], [-113.99052728571428, 37.00035235236762], [-113.16585657142856, 37.00162500598505], [-113.16585657142856, 31.986333013857006], [-113.99052728571428, 32.23953700692851]]]}, "properties": {"name": "Arizona Zone 2", "state": "Arizona", "code": "AR-002", "population": 1021643, "zips": 102}}, {"type": "Feature", "geometry": {"type": "Polygon", "coordinates": [[[-113.16585657142856, 31.986333013857006], [-113.16585657142856, 37.00162500598505], [-112.34118585714285, 37.002897659602475], [-112.34118585714285, 31.73312902078551], [-113.16585657142856, 31.986333013857006]]]}, "properties": {"name": "Arizona Zone 3", "state": "Arizona", "code": "AR-003", "population": 1021643, "zips": 102}}, {"type": "Feature", "geometry": {"type": "Polygon", "coordinates": [[[-112.246513, 31.704061], [-112.34118585714285, 31.73312902078551], [-112.34118585714285, 37.002897659602475], [-111.51651514285714, 37.004170313219895], [-111.51651514285714, 31.472098982593604], [-112.246513, 31.704061]]]}, "properties": {"name": "Arizona Zone 4", "state": "Arizona", "code": "AR-004", "population": 1021643, "zips": 102}}, {"type": "Feature", "geometry": {"type": "Polygon", "coordinates": [[[-111.074448, 31.331629], [-111.51651514285714, 31.472098982593604], [-111.51651514285714, 37.004170313219895], [-110.69184442857143, 37.00544296683732], [-110.69184442857143, 31.331629], [-111.074448, 31.331629]]]}, "properties": {"name": "Arizona Zone 5", "state": "Arizona", "code": "AR-005", "population": 1021643, "zips": 102}}, {"type": "Feature", "geometry": {"type": "Polygon", "coordinates": [[[-110.69184442857143, 31.331629], [-110.69184442857143, 37.00544296683732], [-110.499369, 37.00574], [-109.86717371428571, 37.00336329989178], [-109.86717371428571, 31.331629], [-110.69184442857143, 31.331629]]]}, "properties": {"name": "Arizona Zone 6", "state": "Arizona", "code": "AR-006", "population": 1021643, "zips": 102}}, {"type": "Feature", "geometry": {"type": "Polygon", "coordinates": [[[-109.04798, 31.331629], [-109.86717371428571, 31.331629], [-109.86717371428571, 37.00336329989178], [-109.042503, 37.000263], [-109.04798, 31.331629]]]}, "properties": {"name": "Arizona Zone 7", "state": "Arizona", "code": "AR-007", "population": 1021643, "zips": 102}}, {"type": "Feature", "geometry": {"type": "Polygon", "coordinates": [[[-92.98776533333333, 36.49997748564037], [-92.98776533333333, 33.014351709455255], [-93.608485, 33.018527], [-94.041164, 33.018527], [-94.041164, 33.54979], [-94.183564, 33.593606], [-94.380734, 33.544313], [-94.484796, 33.637421], [-94.430026, 35.395519], [-94.616242, 36.501861], [-94.473842, 36.501861], [-92.98776533333333, 36.49997748564037]]]}, "properties": {"name": "Arkansas Zone 1", "state": "Arkansas", "code": "AR-001", "population": 1003841, "zips": 100}}, {"type": "Feature", "geometry": {"type": "Polygon", "coordinates": [[[-91.35928866666667, 36.49791348769546], [-91.35928866666667, 33.00339770945526], [-92.98776533333333, 33.014351709455255], [-92.98776533333333, 36.49997748564037], [-91.35928866666667, 36.49791348769546]]]}, "properties": {"name": "Arkansas Zone 2", "state": "Arkansas", "code": "AR-002", "population": 1003841, "zips": 100}}, {"type": "Feature", "geometry": {"type": "Polygon", "coordinates": [[[-90.152536, 36.496384], [-90.064905, 36.304691], [-90.218259, 36.184199], [-90.377091, 35.997983], [-89.730812, 35.997983], [-89.763673, 35.811767], [-89.911551, 35.756997], [-89.944412, 35.603643], [-90.130628, 35.439335], [-90.114197, 35.198349], [-90.212782, 35.023087], [-90.311367, 34.995703], [-90.251121, 34.908072], [-90.409952, 34.831394], [-90.481152, 34.661609], [-90.585214, 34.617794], [-90.568783, 34.420624], [-90.749522, 34.365854], [-90.744046, 34.300131], [-90.952169, 34.135823], [-90.891923, 34.026284], [-91.072662, 33.867453], [-91.231493, 33.560744], [-91.056231, 33.429298], [-91.143862, 33.347144], [-91.089093, 33.13902], [-91.16577, 33.002096], [-91.35928866666667, 33.00339770945526], [-91.35928866666667, 36.49791348769546], [-90.152536, 36.496384]]]}, "properties": {"name": "Arkansas Zone 3", "state": "Arkansas", "code": "AR-003", "population": 1003841, "zips": 100}}, {"type": "Feature", "geometry": {"type": "MultiPolygon", "coordinates": [[[[-124.361506, 40.259042], [-124.410798, 40.439781], [-124.158859, 40.877937], [-124.1539295, 40.892725299991895], [-124.1539295, 40.13269173175756], [-124.361506, 40.259042]]], [[[-124.158859, 41.14083], [-124.1539295, 41.15677834186644], [-124.1539295, 41.129327933337386], [-124.158859, 41.14083]]], [[[-124.257444, 41.781632], [-124.213628, 42.000709], [-124.1539295, 42.001042514915255], [-124.1539295, 41.71952273299921], [-124.257444, 41.781632]]]]}, "properties": {"name": "California Zone 1", "state": "California", "code": "CA-001", "population": 988455, "zips": 98}}, {"type": "Feature", "geometry": {"type": "Polygon", "coordinates": [[[-124.109566, 40.105688], [-124.1539295, 40.13269173175756], [-124.1539295, 40.892725299991895], [-124.109566, 41.025814], [-124.1539295, 41.129327933337386], [-124.1539295, 41.15677834186644], [-124.065751, 41.442061], [-124.147905, 41.715908], [-124.1539295, 41.71952273299921], [-124.1539295, 42.001042514915255], [-123.897061, 42.00247755056958], [-123.897061, 39.879618692983335], [-124.109566, 40.105688]]]}, "properties": {"name": "California Zone 2", "state": "California", "code": "CA-002", "population": 988455, "zips": 98}}, {"type": "Feature", "geometry": {"type": "Polygon", "coordinates": [[[-123.737134, 38.95553], [-123.687842, 39.032208], [-123.824765, 39.366301], [-123.764519, 39.552517], [-123.85215, 39.831841], [-123.897061, 39.879618692983335], [-123.897061, 42.00247755056958], [-123.6401925, 42.003912586223905], [-123.6401925, 38.87115483292196], [-123.737134, 38.95553]]]}, "properties": {"name": "California Zone 3", "state": "California", "code": "CA-003", "population": 988455, "zips": 98}}, {"type": "Feature", "geometry": {"type": "Polygon", "coordinates": [[[-123.44138, 38.698114], [-123.6401925, 38.87115483292196], [-123.6401925, 42.003912586223905], [-123.383324, 42.00534762187822], [-123.383324, 38.628447224002414], [-123.44138, 38.698114]]]}, "properties": {"name": "California Zone 4", "state": "California", "code": "CA-004", "population": 988455, "zips": 98}}, {"type": "Feature", "geometry": {"type": "Polygon", "coordinates": [[[-123.1264555, 42.00687062580129], [-123.1264555, 38.44832667091828], [-123.129194, 38.451652], [-123.331841, 38.566668], [-123.383324, 38.628447224002414], [-123.383324, 42.00534762187822], [-123.233256, 42.006186], [-123.1264555, 42.00687062580129]]]}, "properties": {"name": "California Zone 5", "state": "California", "code": "CA-005", "population": 988455, "zips": 98}}, {"type": "Feature", "geometry": {"type": "Polygon", "coordinates": [[[-122.869587, 42.008517236094676], [-122.869587, 37.990442901676374], [-122.937501, 38.029928], [-122.97584, 38.265436], [-123.1264555, 38.44832667091828], [-123.1264555, 42.00687062580129], [-122.869587, 42.008517236094676]]]}, "properties": {"name": "California Zone 6", "state": "California", "code": "CA-006", "population": 988455, "zips": 98}}, {"type": "Feature", "geometry": {"type": "Polygon", "coordinates": [[[-122.6127185, 42.01016384638806], [-122.6127185, 37.9103631066364], [-122.701993, 37.893004], [-122.869587, 37.990442901676374], [-122.869587, 42.008517236094676], [-122.6127185, 42.01016384638806]]]}, "properties": {"name": "California Zone 7", "state": "California", "code": "CA-007", "population": 988455, "zips": 98}}, {"type": "Feature", "geometry": {"type": "MultiPolygon", "coordinates": [[[[-122.378853, 42.011663], [-122.35585, 42.011381327463575], [-122.35585, 37.909276912242284], [-122.406238, 38.15042], [-122.488392, 38.112082], [-122.504823, 37.931343], [-122.6127185, 37.9103631066364], [-122.6127185, 42.01016384638806], [-122.378853, 42.011663]]], [[[-122.417192, 37.241248], [-122.400761, 37.361741], [-122.515777, 37.520572], [-122.515777, 37.783465], [-122.35585, 37.783465], [-122.35585, 37.14719061511309], [-122.417192, 37.241248]]]]}, "properties": {"name": "California Zone 8", "state": "California", "code": "CA-008", "population": 988455, "zips": 98}}, {"type": "Feature", "geometry": {"type": "Polygon", "coordinates": [[[-122.09898150000001, 42.008235963731785], [-122.09898150000001, 36.95720007109356], [-122.105006, 36.956447], [-122.335038, 37.115279], [-122.35585, 37.14719061511309], [-122.35585, 37.783465], [-122.329561, 37.783465], [-122.35585, 37.909276912242284], [-122.35585, 42.011381327463575], [-122.09898150000001, 42.008235963731785]]]}, "properties": {"name": "California Zone 9", "state": "California", "code": "CA-009", "population": 988455, "zips": 98}}, {"type": "Feature", "geometry": {"type": "MultiPolygon", "coordinates": [[[[-121.842113, 42.0050906], [-121.842113, 36.870501177514036], [-121.929744, 36.978355], [-122.09898150000001, 36.95720007109356], [-122.09898150000001, 42.008235963731785], [-121.842113, 42.0050906]]], [[[-121.896882, 36.315645], [-121.935221, 36.638785], [-121.858544, 36.6114], [-121.842113, 36.655637467457865], [-121.842113, 36.279132535352076], [-121.896882, 36.315645]]]]}, "properties": {"name": "California Zone 10", "state": "California", "code": "CA-010", "population": 988455, "zips": 98}}, {"type": "Feature", "geometry": {"type": "Polygon", "coordinates": [[[-121.5852445, 42.00194523626821], [-121.5852445, 36.054904509592156], [-121.716143, 36.195153], [-121.842113, 36.279132535352076], [-121.842113, 36.655637467457865], [-121.787344, 36.803093], [-121.842113, 36.870501177514036], [-121.842113, 42.0050906], [-121.5852445, 42.00194523626821]]]}, "properties": {"name": "California Zone 11", "state": "California", "code": "CA-011", "population": 988455, "zips": 98}}, {"type": "Feature", "geometry": {"type": "Polygon", "coordinates": [[[-121.328376, 41.99879987253642], [-121.328376, 35.774646335815156], [-121.332757, 35.784382], [-121.5852445, 36.054904509592156], [-121.5852445, 42.00194523626821], [-121.328376, 41.99879987253642]]]}, "properties": {"name": "California Zone 12", "state": "California", "code": "CA-012", "population": 988455, "zips": 98}}, {"type": "Feature", "geometry": {"type": "Polygon", "coordinates": [[[-121.0715075, 41.995654508804634], [-121.0715075, 35.53310065466684], [-121.168449, 35.636505], [-121.283465, 35.674843], [-121.328376, 35.774646335815156], [-121.328376, 41.99879987253642], [-121.0715075, 41.995654508804634]]]}, "properties": {"name": "California Zone 13", "state": "California", "code": "CA-013", "population": 988455, "zips": 98}}, {"type": "Feature", "geometry": {"type": "Polygon", "coordinates": [[[-121.037003, 41.995232], [-120.814639, 41.995232], [-120.814639, 35.202662603386166], [-120.894602, 35.247642], [-120.905556, 35.450289], [-121.004141, 35.461243], [-121.0715075, 35.53310065466684], [-121.0715075, 41.995654508804634], [-121.037003, 41.995232]]]}, "properties": {"name": "California Zone 14", "state": "California", "code": "CA-014", "population": 988455, "zips": 98}}, {"type": "Feature", "geometry": {"type": "Polygon", "coordinates": [[[-120.5577705, 41.995232], [-120.5577705, 34.5116781328126], [-120.64814, 34.579455], [-120.609801, 34.858779], [-120.670048, 34.902595], [-120.631709, 35.099764], [-120.814639, 35.202662603386166], [-120.814639, 41.995232], [-120.5577705, 41.995232]]]}, "properties": {"name": "California Zone 15", "state": "California", "code": "CA-015", "population": 988455, "zips": 98}}, {"type": "Feature", "geometry": {"type": "Polygon", "coordinates": [[[-120.30090200000001, 41.995232], [-120.30090200000001, 34.46210500526797], [-120.472878, 34.448009], [-120.5577705, 34.5116781328126], [-120.5577705, 41.995232], [-120.30090200000001, 41.995232]]]}, "properties": {"name": "California Zone 16", "state": "California", "code": "CA-016", "population": 988455, "zips": 98}}, {"type": "Feature", "geometry": {"type": "Polygon", "coordinates": [[[-120.0440335, 41.995232], [-120.0440335, 34.45170546510367], [-120.138784, 34.475393], [-120.30090200000001, 34.46210500526797], [-120.30090200000001, 41.995232], [-120.0440335, 41.995232]]]}, "properties": {"name": "California Zone 17", "state": "California", "code": "CA-017", "population": 988455, "zips": 98}}, {"type": "Feature", "geometry": {"type": "Polygon", "coordinates": [[[-120.001861, 41.995232], [-119.996384, 40.264519], [-120.001861, 38.999346], [-119.787165, 38.84951563833045], [-119.787165, 34.41119977788341], [-119.875891, 34.40967], [-120.0440335, 34.45170546510367], [-120.0440335, 41.995232], [-120.001861, 41.995232]]]}, "properties": {"name": "California Zone 18", "state": "California", "code": "CA-018", "population": 988455, "zips": 98}}, {"type": "Feature", "geometry": {"type": "Polygon", "coordinates": [[[-119.5302965, 38.670254262913524], [-119.5302965, 34.40035924705897], [-119.558229, 34.415147], [-119.787165, 34.41119977788341], [-119.787165, 38.84951563833045], [-119.5302965, 38.670254262913524]]]}, "properties": {"name": "California Zone 19", "state": "California", "code": "CA-019", "population": 988455, "zips": 98}}, {"type": "Feature", "geometry": {"type": "Polygon", "coordinates": [[[-119.273428, 38.49099288749659], [-119.273428, 34.2563159090894], [-119.278905, 34.26727], [-119.5302965, 34.40035924705897], [-119.5302965, 38.670254262913524], [-119.273428, 38.49099288749659]]]}, "properties": {"name": "California Zone 20", "state": "California", "code": "CA-020", "population": 988455, "zips": 98}}, {"type": "Feature", "geometry": {"type": "Polygon", "coordinates": [[[-119.0165595, 38.31173151207966], [-119.0165595, 34.074978288988774], [-119.218659, 34.146777], [-119.273428, 34.2563159090894], [-119.273428, 38.49099288749659], [-119.0165595, 38.31173151207966]]]}, "properties": {"name": "California Zone 21", "state": "California", "code": "CA-021", "population": 988455, "zips": 98}}, {"type": "Feature", "geometry": {"type": "Polygon", "coordinates": [[[-118.759691, 38.13247013666273], [-118.759691, 34.00684700822053], [-118.802411, 33.998899], [-119.0165595, 34.074978288988774], [-119.0165595, 38.31173151207966], [-118.759691, 38.13247013666273]]]}, "properties": {"name": "California Zone 22", "state": "California", "code": "CA-022", "population": 988455, "zips": 98}}, {"type": "Feature", "geometry": {"type": "Polygon", "coordinates": [[[-118.71478, 38.101128], [-118.50282250000001, 37.94741099972613], [-118.50282250000001, 33.96862180761661], [-118.566903, 34.042715], [-118.759691, 34.00684700822053], [-118.759691, 38.13247013666273], [-118.71478, 38.101128]]]}, "properties": {"name": "California Zone 23", "state": "California", "code": "CA-023", "population": 988455, "zips": 98}}, {"type": "Feature", "geometry": {"type": "Polygon", "coordinates": [[[-118.245954, 37.761123393555785], [-118.245954, 33.71433353163269], [-118.260194, 33.703145], [-118.413548, 33.741483], [-118.391641, 33.840068], [-118.50282250000001, 33.96862180761661], [-118.50282250000001, 37.94741099972613], [-118.245954, 37.761123393555785]]]}, "properties": {"name": "California Zone 24", "state": "California", "code": "CA-024", "population": 988455, "zips": 98}}, {"type": "Feature", "geometry": {"type": "Polygon", "coordinates": [[[-117.9890855, 37.574835787385446], [-117.9890855, 33.654189626665456], [-118.183517, 33.763391], [-118.245954, 33.71433353163269], [-118.245954, 37.761123393555785], [-117.9890855, 37.574835787385446]]]}, "properties": {"name": "California Zone 25", "state": "California", "code": "CA-025", "population": 988455, "zips": 98}}, {"type": "Feature", "geometry": {"type": "Polygon", "coordinates": [[[-117.732217, 37.388548181215114], [-117.732217, 33.499094722376164], [-117.7837, 33.538836], [-117.9890855, 33.654189626665456], [-117.9890855, 37.574835787385446], [-117.732217, 37.388548181215114]]]}, "properties": {"name": "California Zone 26", "state": "California", "code": "CA-026", "population": 988455, "zips": 98}}, {"type": "Feature", "geometry": {"type": "Polygon", "coordinates": [[[-117.498899, 37.21934], [-117.47534850000001, 37.20171076281479], [-117.47534850000001, 33.30081019405962], [-117.732217, 33.499094722376164], [-117.732217, 37.388548181215114], [-117.498899, 37.21934]]]}, "properties": {"name": "California Zone 27", "state": "California", "code": "CA-027", "population": 988455, "zips": 98}}, {"type": "Feature", "geometry": {"type": "Polygon", "coordinates": [[[-117.21848, 37.00942628002617], [-117.21848, 32.636933887603426], [-117.24696, 32.668003], [-117.252437, 32.876127], [-117.329114, 33.122589], [-117.471515, 33.297851], [-117.47534850000001, 33.30081019405962], [-117.47534850000001, 37.20171076281479], [-117.21848, 37.00942628002617]]]}, "properties": {"name": "California Zone 28", "state": "California", "code": "CA-028", "population": 988455, "zips": 98}}, {"type": "Feature", "geometry": {"type": "Polygon", "coordinates": [[[-116.9616115, 36.81714179723756], [-116.9616115, 32.54994527530986], [-117.126467, 32.536556], [-117.21848, 32.636933887603426], [-117.21848, 37.00942628002617], [-116.9616115, 36.81714179723756]]]}, "properties": {"name": "California Zone 29", "state": "California", "code": "CA-029", "population": 988455, "zips": 98}}, {"type": "Feature", "geometry": {"type": "Polygon", "coordinates": [[[-116.70474300000001, 36.62485731444895], [-116.70474300000001, 32.5708076855111], [-116.9616115, 32.54994527530986], [-116.9616115, 36.81714179723756], [-116.70474300000001, 36.62485731444895]]]}, "properties": {"name": "California Zone 30", "state": "California", "code": "CA-030", "population": 988455, "zips": 98}}, {"type": "Feature", "geometry": {"type": "Polygon", "coordinates": [[[-116.540435, 36.501861], [-116.44787450000001, 36.430604189109474], [-116.44787450000001, 32.59167009571234], [-116.70474300000001, 32.5708076855111], [-116.70474300000001, 36.62485731444895], [-116.540435, 36.501861]]]}, "properties": {"name": "California Zone 31", "state": "California", "code": "CA-031", "population": 988455, "zips": 98}}, {"type": "Feature", "geometry": {"type": "Polygon", "coordinates": [[[-116.191006, 36.23285644435621], [-116.191006, 32.61253250591358], [-116.44787450000001, 32.59167009571234], [-116.44787450000001, 36.430604189109474], [-116.191006, 36.23285644435621]]]}, "properties": {"name": "California Zone 32", "state": "California", "code": "CA-032", "population": 988455, "zips": 98}}, {"type": "Feature", "geometry": {"type": "Polygon", "coordinates": [[[-115.9341375, 36.03510869960296], [-115.9341375, 32.63215118247046], [-116.04751, 32.624187], [-116.191006, 32.61253250591358], [-116.191006, 36.23285644435621], [-115.9341375, 36.03510869960296]]]}, "properties": {"name": "California Zone 33", "state": "California", "code": "CA-033", "population": 988455, "zips": 98}}, {"type": "Feature", "geometry": {"type": "Polygon", "coordinates": [[[-115.85034, 35.970598], [-115.67726900000001, 35.83260904986591], [-115.67726900000001, 32.65019566067209], [-115.9341375, 32.63215118247046], [-115.9341375, 36.03510869960296], [-115.85034, 35.970598]]]}, "properties": {"name": "California Zone 34", "state": "California", "code": "CA-034", "population": 988455, "zips": 98}}, {"type": "Feature", "geometry": {"type": "Polygon", "coordinates": [[[-115.4204005, 35.62780862323451], [-115.4204005, 32.66824013887371], [-115.67726900000001, 32.65019566067209], [-115.67726900000001, 35.83260904986591], [-115.4204005, 35.62780862323451]]]}, "properties": {"name": "California Zone 35", "state": "California", "code": "CA-035", "population": 988455, "zips": 98}}, {"type": "Feature", "geometry": {"type": "Polygon", "coordinates": [[[-115.163532, 35.42300819660312], [-115.163532, 32.686284617075344], [-115.4204005, 32.66824013887371], [-115.4204005, 35.62780862323451], [-115.163532, 35.42300819660312]]]}, "properties": {"name": "California Zone 36", "state": "California", "code": "CA-036", "population": 988455, "zips": 98}}, {"type": "Feature", "geometry": {"type": "Polygon", "coordinates": [[[-114.90666350000001, 35.218207769971734], [-114.90666350000001, 32.70432909527697], [-115.163532, 32.686284617075344], [-115.163532, 35.42300819660312], [-114.90666350000001, 35.218207769971734]]]}, "properties": {"name": "California Zone 37", "state": "California", "code": "CA-037", "population": 988455, "zips": 98}}, {"type": "Feature", "geometry": {"type": "Polygon", "coordinates": [[[-114.64979500000001, 35.01340734334035], [-114.64979500000001, 33.462040636084595], [-114.727567, 33.40739], [-114.661844, 33.034958], [-114.64979500000001, 33.034476032960136], [-114.64979500000001, 32.73135257499911], [-114.72209, 32.717295], [-114.90666350000001, 32.70432909527697], [-114.90666350000001, 35.218207769971734], [-114.64979500000001, 35.01340734334035]]]}, "properties": {"name": "California Zone 38", "state": "California", "code": "CA-038", "population": 988455, "zips": 98}}, {"type": "Feature", "geometry": {"type": "MultiPolygon", "coordinates": [[[[-114.634459, 35.00118], [-114.634459, 34.87521], [-114.470151, 34.710902], [-114.3929265, 34.56263048624044], [-114.3929265, 34.11773004803848], [-114.415382, 34.108438], [-114.535874, 33.933176], [-114.497536, 33.697668], [-114.524921, 33.54979], [-114.64979500000001, 33.462040636084595], [-114.64979500000001, 35.01340734334035], [-114.634459, 35.00118]]], [[[-114.524921, 33.029481], [-114.470151, 32.843265], [-114.524921, 32.755634], [-114.64979500000001, 32.73135257499911], [-114.64979500000001, 33.034476032960136], [-114.524921, 33.029481]]]]}, "properties": {"name": "California Zone 39", "state": "California", "code": "CA-039", "population": 988455, "zips": 98}}, {"type": "Feature", "geometry": {"type": "Polygon", "coordinates": [[[-114.333228, 34.448009], [-114.136058, 34.305608], [-114.256551, 34.174162], [-114.3929265, 34.11773004803848], [-114.3929265, 34.56263048624044], [-114.333228, 34.448009]]]}, "properties": {"name": "California Zone 40", "state": "California", "code": "CA-040", "population": 988455, "zips": 98}}, {"type": "Feature", "geometry": {"type": "Polygon", "coordinates": [[[-107.88960733333333, 41.0038306900427], [-107.88960733333333, 37.000263], [-109.042503, 37.000263], [-109.042503, 38.166851], [-109.058934, 38.27639], [-109.053457, 39.125316], [-109.04798, 40.998429], [-107.919731, 41.003906], [-107.88960733333333, 41.0038306900427]]]}, "properties": {"name": "Colorado Zone 1", "state": "Colorado", "code": "CO-001", "population": 962285, "zips": 96}}, {"type": "Feature", "geometry": {"type": "Polygon", "coordinates": [[[-106.72028066666667, 41.00090734268542], [-106.72028066666667, 36.994786], [-106.868158, 36.994786], [-107.421329, 37.000263], [-107.88960733333333, 37.000263], [-107.88960733333333, 41.0038306900427], [-106.72028066666667, 41.00090734268542]]]}, "properties": {"name": "Colorado Zone 2", "state": "Colorado", "code": "CO-002", "population": 962285, "zips": 96}}, {"type": "Feature", "geometry": {"type": "Polygon", "coordinates": [[[-105.728954, 40.998429], [-105.55095399999999, 40.999010705941075], [-105.55095399999999, 36.994786], [-106.72028066666667, 36.994786], [-106.72028066666667, 41.00090734268542], [-105.728954, 40.998429]]]}, "properties": {"name": "Colorado Zone 3", "state": "Colorado", "code": "CO-003", "population": 962285, "zips": 96}}, {"type": "Feature", "geometry": {"type": "Polygon", "coordinates": [[[-104.38162733333333, 41.00283207823914], [-104.38162733333333, 36.994786], [-105.55095399999999, 36.994786], [-105.55095399999999, 40.999010705941075], [-104.38162733333333, 41.00283207823914]]]}, "properties": {"name": "Colorado Zone 4", "state": "Colorado", "code": "CO-004", "population": 962285, "zips": 96}}, {"type": "Feature", "geometry": {"type": "Polygon", "coordinates": [[[-104.053011, 41.003906], [-103.21230066666666, 41.003906], [-103.21230066666666, 36.99939879968981], [-104.337812, 36.994786], [-104.38162733333333, 36.994786], [-104.38162733333333, 41.00283207823914], [-104.053011, 41.003906]]]}, "properties": {"name": "Colorado Zone 5", "state": "Colorado", "code": "CO-005", "population": 962285, "zips": 96}}, {"type": "Feature", "geometry": {"type": "Polygon", "coordinates": [[[-102.053927, 41.003906], [-102.053927, 40.001626], [-102.042974, 36.994786], [-103.001438, 37.000263], [-103.21230066666666, 36.99939879968981], [-103.21230066666666, 41.003906], [-102.053927, 41.003906]]]}, "properties": {"name": "Colorado Zone 6", "state": "Colorado", "code": "CO-006", "population": 962285, "zips": 96}}, {"type": "Feature", "geometry": {"type": "Polygon", "coordinates": [[[-73.371191, 41.102491], [-73.655992, 40.987475], [-73.727192, 41.102491], [-73.48073, 41.21203], [-73.55193, 41.294184], [-73.486206, 42.050002], [-73.24522125, 42.04390104975178], [-73.24522125, 41.12539478099143], [-73.371191, 41.102491]]]}, "properties": {"name": "Connecticut Zone 1", "state": "Connecticut", "code": "CO-001", "population": 901486, "zips": 90}}, {"type": "Feature", "geometry": {"type": "Polygon", "coordinates": [[[-72.7632505, 42.0352451955436], [-72.7632505, 41.27723413185601], [-72.905651, 41.28323], [-73.130205, 41.146307], [-73.24522125, 41.12539478099143], [-73.24522125, 42.04390104975178], [-73.053528, 42.039048], [-72.7632505, 42.0352451955436]]]}, "properties": {"name": "Connecticut Zone 2", "state": "Connecticut", "code": "CO-002", "population": 901486, "zips": 90}}, {"type": "Feature", "geometry": {"type": "Polygon", "coordinates": [[[-72.28127975, 42.028931097771796], [-72.28127975, 41.27953292656138], [-72.385341, 41.261322], [-72.7632505, 41.27723413185601], [-72.7632505, 42.0352451955436], [-72.28127975, 42.028931097771796]]]}, "properties": {"name": "Connecticut Zone 3", "state": "Connecticut", "code": "CO-003", "population": 901486, "zips": 90}}, {"type": "Feature", "geometry": {"type": "Polygon", "coordinates": [[[-71.799309, 42.022617], [-71.799309, 42.006186], [-71.799309, 41.414677], [-71.859555, 41.321569], [-71.947186, 41.338], [-72.28127975, 41.27953292656138], [-72.28127975, 42.028931097771796], [-71.799309, 42.022617]]]}, "properties": {"name": "Connecticut Zone 4", "state": "Connecticut", "code": "CO-004", "population": 901486, "zips": 90}}, {"type": "Feature", "geometry": {"type": "Polygon", "coordinates": [[[-75.414089, 39.804456], [-75.507197, 39.683964], [-75.611259, 39.61824], [-75.589352, 39.459409], [-75.441474, 39.311532], [-75.403136, 39.065069], [-75.189535, 38.807653], [-75.09095, 38.796699], [-75.047134, 38.451652], [-75.693413, 38.462606], [-75.786521, 39.722302], [-75.616736, 39.831841], [-75.414089, 39.804456]]]}, "properties": {"name": "Delaware Territory", "state": "Delaware", "code": "DE-001", "population": 989948, "zips": 98}}, {"type": "Feature", "geometry": {"type": "Polygon", "coordinates": [[[-77.035264, 38.993869], [-76.909294, 38.895284], [-77.040741, 38.791222], [-77.117418, 38.933623], [-77.035264, 38.993869]]]}, "properties": {"name": "District of Columbia Territory", "state": "District of Columbia", "code": "DI-001", "population": 689545, "zips": 68}}, {"type": "Feature", "geometry": {"type": "Polygon", "coordinates": [[[-87.518128, 30.280057], [-87.37025, 30.427934], [-87.446927, 30.510088], [-87.408589, 30.674397], [-87.633143, 30.86609], [-87.600282, 30.997536], [-87.28759786363636, 30.997536], [-87.28759786363636, 30.315363386535118], [-87.518128, 30.280057]]]}, "properties": {"name": "Florida Zone 1", "state": "Florida", "code": "FL-001", "population": 979008, "zips": 97}}, {"type": "Feature", "geometry": {"type": "Polygon", "coordinates": [[[-87.28759786363636, 30.315363386535118], [-87.28759786363636, 30.997536], [-86.94205272727272, 30.997536], [-86.94205272727272, 30.368284667640594], [-87.28759786363636, 30.315363386535118]]]}, "properties": {"name": "Florida Zone 2", "state": "Florida", "code": "FL-002", "population": 979008, "zips": 97}}, {"type": "Feature", "geometry": {"type": "Polygon", "coordinates": [[[-86.630863, 30.395073], [-86.910187, 30.373165], [-86.94205272727272, 30.368284667640594], [-86.94205272727272, 30.997536], [-86.5965075909091, 30.997536], [-86.5965075909091, 30.39169373897524], [-86.630863, 30.395073]]]}, "properties": {"name": "Florida Zone 3", "state": "Florida", "code": "FL-003", "population": 979008, "zips": 97}}, {"type": "Feature", "geometry": {"type": "Polygon", "coordinates": [[[-86.29677, 30.362211], [-86.5965075909091, 30.39169373897524], [-86.5965075909091, 30.997536], [-86.25096245454546, 30.997536], [-86.25096245454546, 30.34671722798012], [-86.29677, 30.362211]]]}, "properties": {"name": "Florida Zone 4", "state": "Florida", "code": "FL-004", "population": 979008, "zips": 97}}, {"type": "Feature", "geometry": {"type": "Polygon", "coordinates": [[[-85.924338, 30.236241], [-86.25096245454546, 30.34671722798012], [-86.25096245454546, 30.997536], [-85.90541731818182, 30.997536], [-85.90541731818182, 30.225486107560208], [-85.924338, 30.236241]]]}, "properties": {"name": "Florida Zone 5", "state": "Florida", "code": "FL-005", "population": 979008, "zips": 97}}, {"type": "Feature", "geometry": {"type": "Polygon", "coordinates": [[[-85.90541731818182, 30.225486107560208], [-85.90541731818182, 30.997536], [-85.55987218181818, 30.997536], [-85.55987218181818, 30.029071368895128], [-85.90541731818182, 30.225486107560208]]]}, "properties": {"name": "Florida Zone 6", "state": "Florida", "code": "FL-006", "population": 979008, "zips": 97}}, {"type": "Feature", "geometry": {"type": "Polygon", "coordinates": [[[-85.21432704545455, 31.000678364702633], [-85.21432704545455, 29.70904125118198], [-85.310921, 29.699501], [-85.299967, 29.80904], [-85.404029, 29.940487], [-85.55987218181818, 30.029071368895128], [-85.55987218181818, 30.997536], [-85.497137, 30.997536], [-85.21432704545455, 31.000678364702633]]]}, "properties": {"name": "Florida Zone 7", "state": "Florida", "code": "FL-007", "population": 979008, "zips": 97}}, {"type": "Feature", "geometry": {"type": "Polygon", "coordinates": [[[-85.004212, 31.003013], [-84.86878190909091, 30.715899980792795], [-84.86878190909091, 29.743169550526726], [-85.21432704545455, 29.70904125118198], [-85.21432704545455, 31.000678364702633], [-85.004212, 31.003013]]]}, "properties": {"name": "Florida Zone 8", "state": "Florida", "code": "FL-008", "population": 979008, "zips": 97}}, {"type": "Feature", "geometry": {"type": "Polygon", "coordinates": [[[-84.867289, 30.712735], [-84.52323677272727, 30.696220575508498], [-84.52323677272727, 29.89723492766288], [-84.867289, 29.743317], [-84.86878190909091, 29.743169550526726], [-84.86878190909091, 30.715899980792795], [-84.867289, 30.712735]]]}, "properties": {"name": "Florida Zone 9", "state": "Florida", "code": "FL-009", "population": 979008, "zips": 97}}, {"type": "Feature", "geometry": {"type": "Polygon", "coordinates": [[[-84.17769163636363, 30.67963449173826], [-84.17769163636363, 30.082095306467743], [-84.357933, 30.055502], [-84.341502, 29.902148], [-84.451041, 29.929533], [-84.52323677272727, 29.89723492766288], [-84.52323677272727, 30.696220575508498], [-84.17769163636363, 30.67963449173826]]]}, "properties": {"name": "Florida Zone 10", "state": "Florida", "code": "FL-010", "population": 979008, "zips": 97}}, {"type": "Feature", "geometry": {"type": "Polygon", "coordinates": [[[-83.8321465, 30.66304840796802], [-83.8321465, 29.995255714285335], [-84.02384, 30.104795], [-84.17769163636363, 30.082095306467743], [-84.17769163636363, 30.67963449173826], [-83.8321465, 30.66304840796802]]]}, "properties": {"name": "Florida Zone 11", "state": "Florida", "code": "FL-011", "population": 979008, "zips": 97}}, {"type": "Feature", "geometry": {"type": "Polygon", "coordinates": [[[-83.498053, 30.647012], [-83.48660136363637, 30.646326860813907], [-83.48660136363637, 29.699761120639838], [-83.536392, 29.721409], [-83.640454, 29.885717], [-83.8321465, 29.995255714285335], [-83.8321465, 30.66304840796802], [-83.498053, 30.647012]]]}, "properties": {"name": "Florida Zone 12", "state": "Florida", "code": "FL-012", "population": 979008, "zips": 97}}, {"type": "Feature", "geometry": {"type": "Polygon", "coordinates": [[[-83.14105622727273, 30.62565326396109], [-83.14105622727273, 29.336820777729717], [-83.218729, 29.420177], [-83.399469, 29.518762], [-83.410422, 29.66664], [-83.48660136363637, 29.699761120639838], [-83.48660136363637, 30.646326860813907], [-83.14105622727273, 30.62565326396109]]]}, "properties": {"name": "Florida Zone 13", "state": "Florida", "code": "FL-013", "population": 979008, "zips": 97}}, {"type": "Feature", "geometry": {"type": "MultiPolygon", "coordinates": [[[[-82.79551109090909, 30.604979667108278], [-82.79551109090909, 29.119442571438046], [-82.802482, 29.14633], [-82.994175, 29.179192], [-83.14105622727273, 29.336820777729717], [-83.14105622727273, 30.62565326396109], [-82.79551109090909, 30.604979667108278]]], [[[-82.851774, 27.886634], [-82.79551109090909, 28.062455671164546], [-82.79551109090909, 27.802239208333038], [-82.851774, 27.886634]]]]}, "properties": {"name": "Florida Zone 14", "state": "Florida", "code": "FL-014", "population": 979008, "zips": 97}}, {"type": "Feature", "geometry": {"type": "MultiPolygon", "coordinates": [[[[-82.44996595454545, 30.58430607025546], [-82.44996595454545, 27.830869161615958], [-82.588881, 27.815434], [-82.720328, 27.689464], [-82.79551109090909, 27.802239208333038], [-82.79551109090909, 28.062455671164546], [-82.676512, 28.434328], [-82.643651, 28.888914], [-82.764143, 28.998453], [-82.79551109090909, 29.119442571438046], [-82.79551109090909, 30.604979667108278], [-82.44996595454545, 30.58430607025546]]], [[[-82.566974, 27.300601], [-82.692943, 27.437525], [-82.44996595454545, 27.760021791119478], [-82.44996595454545, 27.100880694574965], [-82.566974, 27.300601]]]]}, "properties": {"name": "Florida Zone 15", "state": "Florida", "code": "FL-015", "population": 979008, "zips": 97}}, {"type": "Feature", "geometry": {"type": "Polygon", "coordinates": [[[-82.216449, 30.570335], [-82.167157, 30.356734], [-82.10442081818182, 30.359585668294574], [-82.10442081818182, 26.89447807503541], [-82.172634, 26.917216], [-82.145249, 26.791246], [-82.249311, 26.758384], [-82.44996595454545, 27.100880694574965], [-82.44996595454545, 27.760021791119478], [-82.391711, 27.837342], [-82.44996595454545, 27.830869161615958], [-82.44996595454545, 30.58430607025546], [-82.216449, 30.570335]]]}, "properties": {"name": "Florida Zone 16", "state": "Florida", "code": "FL-016", "population": 979008, "zips": 97}}, {"type": "Feature", "geometry": {"type": "Polygon", "coordinates": [[[-82.046664, 30.362211], [-82.002849, 30.564858], [-82.041187, 30.751074], [-81.948079, 30.827751], [-81.75887568181818, 30.76017832761276], [-81.75887568181818, 26.00566687903824], [-81.800202, 26.090198], [-81.833064, 26.292844], [-82.041187, 26.517399], [-82.09048, 26.665276], [-82.057618, 26.878877], [-82.10442081818182, 26.89447807503541], [-82.10442081818182, 30.359585668294574], [-82.046664, 30.362211]]]}, "properties": {"name": "Florida Zone 17", "state": "Florida", "code": "FL-017", "population": 979008, "zips": 97}}, {"type": "Feature", "geometry": {"type": "Polygon", "coordinates": [[[-81.718048, 30.745597], [-81.444201, 30.707258], [-81.41333054545454, 30.48555457025542], [-81.41333054545454, 25.851001182348814], [-81.526355, 25.903982], [-81.679709, 25.843735], [-81.75887568181818, 26.00566687903824], [-81.75887568181818, 30.76017832761276], [-81.718048, 30.745597]]]}, "properties": {"name": "Florida Zone 18", "state": "Florida", "code": "FL-018", "population": 979008, "zips": 97}}, {"type": "Feature", "geometry": {"type": "Polygon", "coordinates": [[[-81.383954, 30.27458], [-81.257985, 29.787132], [-81.0677854090909, 29.3672576786469], [-81.0677854090909, 25.122083921414433], [-81.077246, 25.120779], [-81.170354, 25.224841], [-81.126538, 25.378195], [-81.351093, 25.821827], [-81.41333054545454, 25.851001182348814], [-81.41333054545454, 30.48555457025542], [-81.383954, 30.27458]]]}, "properties": {"name": "Florida Zone 19", "state": "Florida", "code": "FL-019", "population": 979008, "zips": 97}}, {"type": "Feature", "geometry": {"type": "Polygon", "coordinates": [[[-80.967707, 29.14633], [-80.72224027272728, 28.76752347922316], [-80.72224027272728, 25.179971381723863], [-80.759583, 25.164595], [-81.0677854090909, 25.122083921414433], [-81.0677854090909, 29.3672576786469], [-80.967707, 29.14633]]]}, "properties": {"name": "Florida Zone 20", "state": "Florida", "code": "FL-020", "population": 979008, "zips": 97}}, {"type": "Feature", "geometry": {"type": "Polygon", "coordinates": [[[-80.524075, 28.461713], [-80.589798, 28.41242], [-80.56789, 28.094758], [-80.381674, 27.738757], [-80.37669513636364, 27.726450702629485], [-80.37669513636364, 25.31402240319109], [-80.49669, 25.197456], [-80.573367, 25.241272], [-80.72224027272728, 25.179971381723863], [-80.72224027272728, 28.76752347922316], [-80.524075, 28.461713]]]}, "properties": {"name": "Florida Zone 21", "state": "Florida", "code": "FL-021", "population": 979008, "zips": 97}}, {"type": "Feature", "geometry": {"type": "Polygon", "coordinates": [[[-80.091397, 27.021277], [-80.03115, 26.796723], [-80.036627, 26.566691], [-80.146166, 25.739673], [-80.239274, 25.723243], [-80.337859, 25.465826], [-80.304997, 25.383672], [-80.37669513636364, 25.31402240319109], [-80.37669513636364, 27.726450702629485], [-80.091397, 27.021277]]]}, "properties": {"name": "Florida Zone 22", "state": "Florida", "code": "FL-022", "population": 979008, "zips": 97}}, {"type": "Feature", "geometry": {"type": "Polygon", "coordinates": [[[-85.184951, 32.859696], [-85.431413, 34.124869], [-85.606675, 34.984749], [-85.17748209090908, 34.98657537267048], [-85.17748209090908, 32.84155725788663], [-85.184951, 32.859696]]]}, "properties": {"name": "Georgia Zone 1", "state": "Georgia", "code": "GE-001", "population": 973809, "zips": 97}}, {"type": "Feature", "geometry": {"type": "Polygon", "coordinates": [[[-84.867289, 30.712735], [-85.004212, 31.003013], [-85.113751, 31.27686], [-85.042551, 31.539753], [-85.141136, 31.840985], [-85.053504, 32.01077], [-85.058981, 32.13674], [-84.889196, 32.262709], [-85.004212, 32.322956], [-84.960397, 32.421541], [-85.069935, 32.580372], [-85.17748209090908, 32.84155725788663], [-85.17748209090908, 34.98657537267048], [-84.74828918181818, 34.98840174534096], [-84.74828918181818, 30.707023037233636], [-84.867289, 30.712735]]]}, "properties": {"name": "Georgia Zone 2", "state": "Georgia", "code": "GE-002", "population": 973809, "zips": 97}}, {"type": "Feature", "geometry": {"type": "Polygon", "coordinates": [[[-84.74828918181818, 30.707023037233636], [-84.74828918181818, 34.98840174534096], [-84.319594, 34.990226], [-84.31909627272726, 34.99022211146131], [-84.31909627272726, 30.686421880410283], [-84.74828918181818, 30.707023037233636]]]}, "properties": {"name": "Georgia Zone 3", "state": "Georgia", "code": "GE-003", "population": 973809, "zips": 97}}, {"type": "Feature", "geometry": {"type": "Polygon", "coordinates": [[[-84.31909627272726, 30.686421880410283], [-84.31909627272726, 34.99022211146131], [-83.88990336363636, 34.98686900359553], [-83.88990336363636, 30.66582072358693], [-84.31909627272726, 30.686421880410283]]]}, "properties": {"name": "Georgia Zone 4", "state": "Georgia", "code": "GE-004", "population": 973809, "zips": 97}}, {"type": "Feature", "geometry": {"type": "Polygon", "coordinates": [[[-83.498053, 30.647012], [-83.88990336363636, 30.66582072358693], [-83.88990336363636, 34.98686900359553], [-83.618546, 34.984749], [-83.46071045454545, 34.9898405291837], [-83.46071045454545, 30.644777835345536], [-83.498053, 30.647012]]]}, "properties": {"name": "Georgia Zone 5", "state": "Georgia", "code": "GE-005", "population": 973809, "zips": 97}}, {"type": "Feature", "geometry": {"type": "Polygon", "coordinates": [[[-83.322791, 34.787579], [-83.339222, 34.683517], [-83.03151754545455, 34.486787409151454], [-83.03151754545455, 30.619099681492738], [-83.46071045454545, 30.644777835345536], [-83.46071045454545, 34.9898405291837], [-83.109191, 35.00118], [-83.322791, 34.787579]]]}, "properties": {"name": "Georgia Zone 6", "state": "Georgia", "code": "GE-006", "population": 973809, "zips": 97}}, {"type": "Feature", "geometry": {"type": "Polygon", "coordinates": [[[-83.005129, 34.469916], [-82.901067, 34.486347], [-82.747713, 34.26727], [-82.714851, 34.152254], [-82.60232463636363, 34.00480522170448], [-82.60232463636363, 30.593421527639936], [-83.03151754545455, 30.619099681492738], [-83.03151754545455, 34.486787409151454], [-83.005129, 34.469916]]]}, "properties": {"name": "Georgia Zone 7", "state": "Georgia", "code": "GE-007", "population": 973809, "zips": 97}}, {"type": "Feature", "geometry": {"type": "Polygon", "coordinates": [[[-82.55602, 33.94413], [-82.325988, 33.81816], [-82.194542, 33.631944], [-82.17313172727273, 33.61839873355815], [-82.17313172727273, 30.38262476767391], [-82.216449, 30.570335], [-82.60232463636363, 30.593421527639936], [-82.60232463636363, 34.00480522170448], [-82.55602, 33.94413]]]}, "properties": {"name": "Georgia Zone 8", "state": "Georgia", "code": "GE-008", "population": 973809, "zips": 97}}, {"type": "Feature", "geometry": {"type": "Polygon", "coordinates": [[[-81.926172, 33.462159], [-81.937125, 33.347144], [-81.761863, 33.160928], [-81.74393881818182, 33.15068556268313], [-81.74393881818182, 30.754843728818766], [-81.948079, 30.827751], [-82.041187, 30.751074], [-82.002849, 30.564858], [-82.046664, 30.362211], [-82.167157, 30.356734], [-82.17313172727273, 30.38262476767391], [-82.17313172727273, 33.61839873355815], [-81.926172, 33.462159]]]}, "properties": {"name": "Georgia Zone 9", "state": "Georgia", "code": "GE-009", "population": 973809, "zips": 97}}, {"type": "Feature", "geometry": {"type": "Polygon", "coordinates": [[[-81.493493, 33.007573], [-81.42777, 32.843265], [-81.416816, 32.629664], [-81.3147459090909, 32.57658752290902], [-81.3147459090909, 31.19012513545612], [-81.400385, 31.13446], [-81.444201, 30.707258], [-81.718048, 30.745597], [-81.74393881818182, 30.754843728818766], [-81.74393881818182, 33.15068556268313], [-81.493493, 33.007573]]]}, "properties": {"name": "Georgia Zone 10", "state": "Georgia", "code": "GE-010", "population": 973809, "zips": 97}}, {"type": "Feature", "geometry": {"type": "Polygon", "coordinates": [[[-81.279893, 32.558464], [-81.121061, 32.290094], [-81.115584, 32.120309], [-80.885553, 32.032678], [-81.132015, 31.693108], [-81.175831, 31.517845], [-81.279893, 31.364491], [-81.290846, 31.20566], [-81.3147459090909, 31.19012513545612], [-81.3147459090909, 32.57658752290902], [-81.279893, 32.558464]]]}, "properties": {"name": "Georgia Zone 11", "state": "Georgia", "code": "GE-011", "population": 973809, "zips": 97}}, {"type": "Feature", "geometry": {"type": "MultiPolygon", "coordinates": [[[[-155.634835, 18.948267], [-155.881297, 19.035898], [-155.919636, 19.123529], [-155.886774, 19.348084], [-156.062036, 19.73147], [-155.925113, 19.857439], [-155.826528, 20.032702], [-155.897728, 20.147717], [-155.87582, 20.26821], [-155.596496, 20.12581], [-155.284311, 20.021748], [-155.092618, 19.868393], [-155.092618, 19.736947], [-154.807817, 19.523346], [-154.983079, 19.348084], [-155.295265, 19.26593], [-155.514342, 19.134483], [-155.634835, 18.948267]]], [[[-156.587823, 21.029505], [-156.472807, 20.892581], [-156.324929, 20.952827], [-156.00179, 20.793996], [-156.051082, 20.651596], [-156.379699, 20.580396], [-156.445422, 20.60778], [-156.461853, 20.783042], [-156.631638, 20.821381], [-156.697361, 20.919966], [-156.587823, 21.029505]]], [[[-156.982162, 21.210244], [-157.080747, 21.106182], [-157.310779, 21.106182], [-157.239579, 21.221198], [-156.982162, 21.210244]]], [[[-157.951581, 21.697691], [-157.842042, 21.462183], [-157.896811, 21.325259], [-158.110412, 21.303352], [-158.252813, 21.582676], [-158.126843, 21.588153], [-157.951581, 21.697691]]], [[[-159.468693, 22.228955], [-159.353678, 22.218001], [-159.298908, 22.113939], [-159.33177, 21.966061], [-159.446786, 21.872953], [-159.764448, 21.987969], [-159.726109, 22.152277], [-159.468693, 22.228955]]]]}, "properties": {"name": "Hawaii Territory", "state": "Hawaii", "code": "HA-001", "population": 1455271, "zips": 145}}, {"type": "Feature", "geometry": {"type": "Polygon", "coordinates": [[[-114.333228, 45.456659], [-114.25928982000467, 45.497735500000005], [-113.82215065346936, 45.497735500000005], [-113.736241, 45.330689], [-113.571933, 45.128042], [-113.45144, 45.056842], [-113.456917, 44.865149], [-113.341901, 44.782995], [-113.133778, 44.772041], [-113.002331, 44.448902], [-112.887315, 44.394132], [-112.783254, 44.48724], [-112.471068, 44.481763], [-112.241036, 44.569394], [-112.104113, 44.520102], [-111.868605, 44.563917], [-111.819312, 44.509148], [-111.616665, 44.547487], [-111.386634, 44.75561], [-111.227803, 44.580348], [-111.047063, 44.476286], [-111.047063, 42.000709], [-112.164359, 41.995232], [-114.04295, 41.995232], [-117.027882, 42.000709], [-117.027882, 43.830007], [-116.896436, 44.158624], [-116.97859, 44.240778], [-117.170283, 44.257209], [-117.241483, 44.394132], [-117.038836, 44.750133], [-116.934774, 44.782995], [-116.830713, 44.930872], [-116.847143, 45.02398], [-116.732128, 45.144473], [-116.671881, 45.319735], [-116.54662192386772, 45.497735500000005], [-114.41754254709693, 45.497735500000005], [-114.333228, 45.456659]]]}, "properties": {"name": "Idaho Zone 1", "state": "Idaho", "code": "ID-001", "population": 919553, "zips": 91}}, {"type": "Feature", "geometry": {"type": "MultiPolygon", "coordinates": [[[[-116.04751, 47.976051], [-115.724371, 47.696727], [-115.718894, 47.42288], [-115.527201, 47.302388], [-115.324554, 47.258572], [-115.302646, 47.187372], [-114.930214, 46.919002], [-114.886399, 46.809463], [-114.623506, 46.705401], [-114.612552, 46.639678], [-114.322274, 46.645155], [-114.464674, 46.272723], [-114.492059, 46.037214], [-114.387997, 45.88386], [-114.568736, 45.774321], [-114.497536, 45.670259], [-114.546828, 45.560721], [-114.41754254709693, 45.497735500000005], [-116.54662192386772, 45.497735500000005], [-116.463758, 45.61549], [-116.545912, 45.752413], [-116.78142, 45.823614], [-116.918344, 45.993399], [-116.92382, 46.168661], [-117.055267, 46.343923], [-117.038836, 46.426077], [-117.044313, 47.762451], [-117.033359, 49.000239], [-116.04751, 49.000239], [-116.04751, 47.976051]]], [[[-114.086765, 45.593582], [-113.98818, 45.703121], [-113.807441, 45.604536], [-113.834826, 45.522382], [-113.82215065346936, 45.497735500000005], [-114.25928982000467, 45.497735500000005], [-114.086765, 45.593582]]]]}, "properties": {"name": "Idaho Zone 2", "state": "Idaho", "code": "ID-002", "population": 919553, "zips": 91}}, {"type": "Feature", "geometry": {"type": "Polygon", "coordinates": [[[-88.476592, 37.389126], [-88.514931, 37.285064], [-88.421823, 37.153617], [-88.547792, 37.071463], [-88.914747, 37.224817], [-89.029763, 37.213863], [-89.183118, 37.038601], [-89.133825, 36.983832], [-89.292656, 36.994786], [-89.517211, 37.279587], [-89.435057, 37.34531], [-89.4623213152276, 37.40892684615385], [-88.3892354508891, 37.40892684615385], [-88.476592, 37.389126]]]}, "properties": {"name": "Illinois Zone 1", "state": "Illinois", "code": "IL-001", "population": 985577, "zips": 98}}, {"type": "Feature", "geometry": {"type": "Polygon", "coordinates": [[[-88.027483, 37.799896], [-88.15893, 37.657496], [-88.065822, 37.482234], [-88.3892354508891, 37.40892684615385], [-89.4623213152276, 37.40892684615385], [-89.517211, 37.537003], [-89.517211, 37.690357], [-89.73454923815251, 37.834021692307694], [-88.04454610577143, 37.834021692307694], [-88.027483, 37.799896]]]}, "properties": {"name": "Illinois Zone 2", "state": "Illinois", "code": "IL-002", "population": 985577, "zips": 98}}, {"type": "Feature", "geometry": {"type": "Polygon", "coordinates": [[[-87.923421, 38.15042], [-88.000098, 38.101128], [-88.060345, 37.865619], [-88.04454610577143, 37.834021692307694], [-89.73454923815251, 37.834021692307694], [-89.84035, 37.903958], [-89.949889, 37.88205], [-90.059428, 38.013497], [-90.355183, 38.216144], [-90.35370116966993, 38.25911653846154], [-87.94705086985607, 38.25911653846154], [-87.923421, 38.15042]]]}, "properties": {"name": "Illinois Zone 3", "state": "Illinois", "code": "IL-003", "population": 985577, "zips": 98}}, {"type": "Feature", "geometry": {"type": "Polygon", "coordinates": [[[-87.62219, 38.637868], [-87.655051, 38.506421], [-87.83579, 38.292821], [-87.950806, 38.27639], [-87.94705086985607, 38.25911653846154], [-90.35370116966993, 38.25911653846154], [-90.349706, 38.374975], [-90.179921, 38.632391], [-90.1951618967254, 38.68421138461538], [-87.58119367865169, 38.68421138461538], [-87.62219, 38.637868]]]}, "properties": {"name": "Illinois Zone 4", "state": "Illinois", "code": "IL-004", "population": 985577, "zips": 98}}, {"type": "Feature", "geometry": {"type": "Polygon", "coordinates": [[[-87.512651, 38.95553], [-87.49622, 38.780268], [-87.58119367865169, 38.68421138461538], [-90.1951618967254, 38.68421138461538], [-90.207305, 38.725499], [-90.10872, 38.845992], [-90.251121, 38.917192], [-90.470199, 38.961007], [-90.585214, 38.867899], [-90.661891, 38.928146], [-90.6981234871798, 39.10930623076923], [-87.6033389556452, 39.10930623076923], [-87.512651, 38.95553]]]}, "properties": {"name": "Illinois Zone 5", "state": "Illinois", "code": "IL-005", "population": 985577, "zips": 98}}, {"type": "Feature", "geometry": {"type": "Polygon", "coordinates": [[[-87.529082, 39.34987], [-87.63862, 39.169131], [-87.6033389556452, 39.10930623076923], [-90.6981234871798, 39.10930623076923], [-90.727615, 39.256762], [-91.061708, 39.470363], [-91.13800883030969, 39.534401076923075], [-87.52865384893408, 39.534401076923075], [-87.529082, 39.34987]]]}, "properties": {"name": "Illinois Zone 6", "state": "Illinois", "code": "IL-006", "population": 985577, "zips": 98}}, {"type": "Feature", "geometry": {"type": "Polygon", "coordinates": [[[-87.52865384893408, 39.534401076923075], [-91.13800883030969, 39.534401076923075], [-91.368417, 39.727779], [-91.4635858704377, 39.95949592307692], [-87.52766753912367, 39.95949592307692], [-87.52865384893408, 39.534401076923075]]]}, "properties": {"name": "Illinois Zone 7", "state": "Illinois", "code": "IL-007", "population": 985577, "zips": 98}}, {"type": "Feature", "geometry": {"type": "Polygon", "coordinates": [[[-87.52766753912367, 39.95949592307692], [-91.4635858704377, 39.95949592307692], [-91.494386, 40.034488], [-91.50534, 40.237135], [-91.417709, 40.379535], [-91.41724937952942, 40.38459076923077], [-87.52668122931325, 40.38459076923077], [-87.52766753912367, 39.95949592307692]]]}, "properties": {"name": "Illinois Zone 8", "state": "Illinois", "code": "IL-008", "population": 985577, "zips": 98}}, {"type": "Feature", "geometry": {"type": "Polygon", "coordinates": [[[-87.52668122931325, 40.38459076923077], [-91.41724937952942, 40.38459076923077], [-91.401278, 40.560274], [-91.121954, 40.669813], [-91.09697733359617, 40.809685615384616], [-87.52569491950284, 40.809685615384616], [-87.52668122931325, 40.38459076923077]]]}, "properties": {"name": "Illinois Zone 9", "state": "Illinois", "code": "IL-009", "population": 985577, "zips": 98}}, {"type": "Feature", "geometry": {"type": "Polygon", "coordinates": [[[-87.52569491950284, 40.809685615384616], [-91.09697733359617, 40.809685615384616], [-91.09457, 40.823167], [-90.963123, 40.921752], [-90.946692, 41.097014], [-91.10565345061427, 41.23478046153846], [-87.52470860969242, 41.23478046153846], [-87.52569491950284, 40.809685615384616]]]}, "properties": {"name": "Illinois Zone 10", "state": "Illinois", "code": "IL-010", "population": 985577, "zips": 98}}, {"type": "Feature", "geometry": {"type": "Polygon", "coordinates": [[[-87.52470860969242, 41.23478046153846], [-91.10565345061427, 41.23478046153846], [-91.111001, 41.239415], [-91.045277, 41.414677], [-90.656414, 41.463969], [-90.344229, 41.589939], [-90.32924245290384, 41.6598753076923], [-87.52372229988201, 41.6598753076923], [-87.52470860969242, 41.23478046153846]]]}, "properties": {"name": "Illinois Zone 11", "state": "Illinois", "code": "IL-011", "population": 985577, "zips": 98}}, {"type": "Feature", "geometry": {"type": "Polygon", "coordinates": [[[-87.682436, 42.077386], [-87.523605, 41.710431], [-87.52372229988201, 41.6598753076923], [-90.32924245290384, 41.6598753076923], [-90.311367, 41.743293], [-90.179921, 41.809016], [-90.141582, 42.000709], [-90.1598997875532, 42.08497015384615], [-87.68761540072109, 42.08497015384615], [-87.682436, 42.077386]]]}, "properties": {"name": "Illinois Zone 12", "state": "Illinois", "code": "IL-012", "population": 985577, "zips": 98}}, {"type": "Feature", "geometry": {"type": "Polygon", "coordinates": [[[-88.788778, 42.493634], [-87.802929, 42.493634], [-87.83579, 42.301941], [-87.68761540072109, 42.08497015384615], [-90.1598997875532, 42.08497015384615], [-90.168967, 42.126679], [-90.393521, 42.225264], [-90.420906, 42.329326], [-90.639984, 42.510065], [-88.788778, 42.493634]]]}, "properties": {"name": "Illinois Zone 13", "state": "Illinois", "code": "IL-013", "population": 985577, "zips": 98}}, {"type": "Feature", "geometry": {"type": "Polygon", "coordinates": [[[-85.655968, 38.325682], [-85.83123, 38.27639], [-85.924338, 38.024451], [-86.039354, 37.958727], [-86.263908, 38.051835], [-86.302247, 38.166851], [-86.521325, 38.040881], [-86.504894, 37.931343], [-86.729448, 37.893004], [-86.795172, 37.991589], [-87.047111, 37.893004], [-87.129265, 37.788942], [-87.381204, 37.93682], [-87.512651, 37.903958], [-87.600282, 37.975158], [-87.682436, 37.903958], [-87.934375, 37.893004], [-88.027483, 37.799896], [-88.060345, 37.865619], [-88.000098, 38.101128], [-87.923421, 38.15042], [-87.950806, 38.27639], [-87.83579, 38.292821], [-87.78216435672084, 38.35619657142857], [-85.64004746988965, 38.35619657142857], [-85.655968, 38.325682]]]}, "properties": {"name": "Indiana Zone 1", "state": "Indiana", "code": "IN-001", "population": 969361, "zips": 96}}, {"type": "Feature", "geometry": {"type": "Polygon", "coordinates": [[[-84.812519, 38.785745], [-84.987781, 38.780268], [-85.173997, 38.68716], [-85.431413, 38.730976], [-85.42046, 38.533806], [-85.590245, 38.451652], [-85.64004746988965, 38.35619657142857], [-87.78216435672084, 38.35619657142857], [-87.655051, 38.506421], [-87.62219, 38.637868], [-87.49622, 38.780268], [-87.50964357282403, 38.92345114285714], [-84.85383079257134, 38.92345114285714], [-84.812519, 38.785745]]]}, "properties": {"name": "Indiana Zone 2", "state": "Indiana", "code": "IN-002", "population": 969361, "zips": 96}}, {"type": "Feature", "geometry": {"type": "Polygon", "coordinates": [[[-84.817996, 39.103408], [-84.894673, 39.059592], [-84.85383079257134, 38.92345114285714], [-87.50964357282403, 38.92345114285714], [-87.512651, 38.95553], [-87.63862, 39.169131], [-87.529082, 39.34987], [-87.52875523140256, 39.49070571428571], [-84.81343950736533, 39.49070571428571], [-84.817996, 39.103408]]]}, "properties": {"name": "Indiana Zone 3", "state": "Indiana", "code": "IN-003", "population": 969361, "zips": 96}}, {"type": "Feature", "geometry": {"type": "Polygon", "coordinates": [[[-84.81343950736533, 39.49070571428571], [-87.52875523140256, 39.49070571428571], [-87.52743908100962, 40.05796028571429], [-84.80676585249633, 40.05796028571429], [-84.81343950736533, 39.49070571428571]]]}, "properties": {"name": "Indiana Zone 4", "state": "Indiana", "code": "IN-004", "population": 969361, "zips": 96}}, {"type": "Feature", "geometry": {"type": "Polygon", "coordinates": [[[-84.801565, 40.500028], [-84.80676585249633, 40.05796028571429], [-87.52743908100962, 40.05796028571429], [-87.52612293061668, 40.62521485714286], [-84.80213925789073, 40.62521485714286], [-84.801565, 40.500028]]]}, "properties": {"name": "Indiana Zone 5", "state": "Indiana", "code": "IN-005", "population": 969361, "zips": 96}}, {"type": "Feature", "geometry": {"type": "Polygon", "coordinates": [[[-84.80213925789073, 40.62521485714286], [-87.52612293061668, 40.62521485714286], [-87.52480678022374, 41.19246942857143], [-84.80474137141232, 41.19246942857143], [-84.80213925789073, 40.62521485714286]]]}, "properties": {"name": "Indiana Zone 6", "state": "Indiana", "code": "IN-006", "population": 969361, "zips": 96}}, {"type": "Feature", "geometry": {"type": "Polygon", "coordinates": [[[-84.807042, 41.759724], [-84.807042, 41.694001], [-84.80474137141232, 41.19246942857143], [-87.52480678022374, 41.19246942857143], [-87.523605, 41.710431], [-87.42502, 41.644708], [-87.118311, 41.644708], [-86.822556, 41.759724], [-85.990061, 41.759724], [-84.807042, 41.759724]]]}, "properties": {"name": "Indiana Zone 7", "state": "Indiana", "code": "IN-007", "population": 969361, "zips": 96}}, {"type": "Feature", "geometry": {"type": "Polygon", "coordinates": [[[-94.632673, 40.571228], [-95.7664, 40.587659], [-95.881416, 40.719105], [-95.826646, 40.976521], [-95.925231, 41.201076], [-95.919754, 41.453015], [-96.095016, 41.540646], [-96.122401, 41.67757], [-96.062155, 41.798063], [-96.127878, 41.973325], [-96.264801, 42.039048], [-96.44554, 42.488157], [-96.631756, 42.707235], [-96.544125, 42.855112], [-96.511264, 43.052282], [-96.434587, 43.123482], [-96.560556, 43.222067], [-96.527695, 43.397329], [-96.582464, 43.479483], [-96.451017, 43.501391], [-94.46836466666666, 43.501391], [-94.46836466666666, 40.57253724403317], [-94.632673, 40.571228]]]}, "properties": {"name": "Iowa Zone 1", "state": "Iowa", "code": "IO-001", "population": 1063456, "zips": 106}}, {"type": "Feature", "geometry": {"type": "Polygon", "coordinates": [[[-93.257961, 40.582182], [-94.46836466666666, 40.57253724403317], [-94.46836466666666, 43.501391], [-92.30497333333334, 43.501391], [-92.30497333333334, 40.60050822258365], [-93.257961, 40.582182]]]}, "properties": {"name": "Iowa Zone 2", "state": "Iowa", "code": "IO-002", "population": 1063456, "zips": 106}}, {"type": "Feature", "geometry": {"type": "Polygon", "coordinates": [[[-91.215062, 43.501391], [-91.204109, 43.353514], [-91.056231, 43.254929], [-91.176724, 43.134436], [-91.143862, 42.909881], [-91.067185, 42.75105], [-90.711184, 42.636034], [-90.639984, 42.510065], [-90.420906, 42.329326], [-90.393521, 42.225264], [-90.168967, 42.126679], [-90.141582, 42.000709], [-90.179921, 41.809016], [-90.311367, 41.743293], [-90.344229, 41.589939], [-90.656414, 41.463969], [-91.045277, 41.414677], [-91.111001, 41.239415], [-90.946692, 41.097014], [-90.963123, 40.921752], [-91.09457, 40.823167], [-91.121954, 40.669813], [-91.401278, 40.560274], [-91.417709, 40.379535], [-91.527248, 40.412397], [-91.729895, 40.615043], [-91.833957, 40.609566], [-92.30497333333334, 40.60050822258365], [-92.30497333333334, 43.501391], [-91.368417, 43.501391], [-91.215062, 43.501391]]]}, "properties": {"name": "Iowa Zone 3", "state": "Iowa", "code": "IO-003", "population": 1063456, "zips": 106}}, {"type": "Feature", "geometry": {"type": "Polygon", "coordinates": [[[-99.572873, 40.001626], [-99.572873, 37.000263], [-100.087706, 37.000263], [-102.042974, 36.994786], [-102.053927, 40.001626], [-101.90605, 40.001626], [-99.572873, 40.001626]]]}, "properties": {"name": "Kansas Zone 1", "state": "Kansas", "code": "KA-001", "population": 979293, "zips": 97}}, {"type": "Feature", "geometry": {"type": "Polygon", "coordinates": [[[-97.091819, 40.001626], [-97.091819, 37.000263], [-99.572873, 37.000263], [-99.572873, 40.001626], [-97.091819, 40.001626]]]}, "properties": {"name": "Kansas Zone 2", "state": "Kansas", "code": "KA-002", "population": 979293, "zips": 97}}, {"type": "Feature", "geometry": {"type": "Polygon", "coordinates": [[[-95.306337, 40.001626], [-95.207752, 39.908518], [-94.884612, 39.831841], [-95.109167, 39.541563], [-94.983197, 39.442978], [-94.824366, 39.20747], [-94.610765, 39.158177], [-94.616242, 37.000263], [-97.091819, 37.000263], [-97.091819, 40.001626], [-95.306337, 40.001626]]]}, "properties": {"name": "Kansas Zone 3", "state": "Kansas", "code": "KA-003", "population": 979293, "zips": 97}}, {"type": "Feature", "geometry": {"type": "Polygon", "coordinates": [[[-88.071299, 36.677123], [-88.054868, 36.496384], [-89.298133, 36.507338], [-89.418626, 36.496384], [-89.363857, 36.622354], [-89.215979, 36.578538], [-89.133825, 36.983832], [-89.183118, 37.038601], [-89.029763, 37.213863], [-88.914747, 37.224817], [-88.547792, 37.071463], [-88.421823, 37.153617], [-88.514931, 37.285064], [-88.476592, 37.389126], [-88.065822, 37.482234], [-88.15893, 37.657496], [-88.027483, 37.799896], [-87.934375, 37.893004], [-87.9288982, 37.8932421245746], [-87.9288982, 36.648643230000275], [-88.071299, 36.677123]]]}, "properties": {"name": "Kentucky Zone 1", "state": "Kentucky", "code": "KE-001", "population": 901167, "zips": 90}}, {"type": "Feature", "geometry": {"type": "Polygon", "coordinates": [[[-86.592525, 36.655216], [-87.852221, 36.633308], [-87.9288982, 36.648643230000275], [-87.9288982, 37.8932421245746], [-87.682436, 37.903958], [-87.600282, 37.975158], [-87.512651, 37.903958], [-87.381204, 37.93682], [-87.129265, 37.788942], [-87.047111, 37.893004], [-86.795172, 37.991589], [-86.729448, 37.893004], [-86.504894, 37.931343], [-86.521325, 38.040881], [-86.43917040000001, 38.088119951250235], [-86.43917040000001, 36.649901674041665], [-86.592525, 36.655216]]]}, "properties": {"name": "Kentucky Zone 2", "state": "Kentucky", "code": "KE-002", "population": 901167, "zips": 90}}, {"type": "Feature", "geometry": {"type": "Polygon", "coordinates": [[[-85.289013, 36.627831], [-85.486183, 36.616877], [-86.43917040000001, 36.649901674041665], [-86.43917040000001, 38.088119951250235], [-86.302247, 38.166851], [-86.263908, 38.051835], [-86.039354, 37.958727], [-85.924338, 38.024451], [-85.83123, 38.27639], [-85.655968, 38.325682], [-85.590245, 38.451652], [-85.42046, 38.533806], [-85.431413, 38.730976], [-85.173997, 38.68716], [-84.987781, 38.780268], [-84.9494426, 38.78146608867181], [-84.9494426, 36.6128497920415], [-85.289013, 36.627831]]]}, "properties": {"name": "Kentucky Zone 3", "state": "Kentucky", "code": "KE-003", "population": 901167, "zips": 90}}, {"type": "Feature", "geometry": {"type": "Polygon", "coordinates": [[[-83.678792, 38.632391], [-83.519961, 38.703591], [-83.4597148, 38.69136716336896], [-83.4597148, 36.65711583606842], [-83.673316, 36.600446], [-83.689746, 36.584015], [-84.544149, 36.594969], [-84.9494426, 36.6128497920415], [-84.9494426, 38.78146608867181], [-84.812519, 38.785745], [-84.894673, 39.059592], [-84.817996, 39.103408], [-84.43461, 39.103408], [-84.231963, 38.895284], [-84.215533, 38.807653], [-83.903347, 38.769315], [-83.678792, 38.632391]]]}, "properties": {"name": "Kentucky Zone 4", "state": "Kentucky", "code": "KE-004", "population": 901167, "zips": 90}}, {"type": "Feature", "geometry": {"type": "Polygon", "coordinates": [[[-83.142052, 38.626914], [-83.032514, 38.725499], [-82.890113, 38.758361], [-82.846298, 38.588575], [-82.731282, 38.561191], [-82.594358, 38.424267], [-82.621743, 38.123036], [-82.50125, 37.931343], [-82.342419, 37.783465], [-82.293127, 37.668449], [-82.101434, 37.553434], [-81.969987, 37.537003], [-82.353373, 37.268633], [-82.720328, 37.120755], [-82.720328, 37.044078], [-82.868205, 36.978355], [-82.879159, 36.890724], [-83.070852, 36.852385], [-83.136575, 36.742847], [-83.4597148, 36.65711583606842], [-83.4597148, 38.69136716336896], [-83.142052, 38.626914]]]}, "properties": {"name": "Kentucky Zone 5", "state": "Kentucky", "code": "KE-005", "population": 901167, "zips": 90}}, {"type": "Feature", "geometry": {"type": "Polygon", "coordinates": [[[-93.033407, 33.014658719575145], [-93.033407, 29.730338766539653], [-93.2251, 29.776178], [-93.767317, 29.726886], [-93.838517, 29.688547], [-93.926148, 29.787132], [-93.690639, 30.143133], [-93.767317, 30.334826], [-93.696116, 30.438888], [-93.728978, 30.575812], [-93.630393, 30.679874], [-93.526331, 30.93729], [-93.542762, 31.15089], [-93.816609, 31.556184], [-93.822086, 31.775262], [-94.041164, 31.994339], [-94.041164, 33.018527], [-93.608485, 33.018527], [-93.033407, 33.014658719575145]]]}, "properties": {"name": "Louisiana Zone 1", "state": "Louisiana", "code": "LO-001", "population": 931551, "zips": 93}}, {"type": "Feature", "geometry": {"type": "Polygon", "coordinates": [[[-92.02565, 33.00788001011989], [-92.02565, 29.772332699863256], [-92.146142, 29.715932], [-92.113281, 29.622824], [-92.31045, 29.535193], [-92.617159, 29.579009], [-92.97316, 29.715932], [-93.033407, 29.730338766539653], [-93.033407, 33.014658719575145], [-92.02565, 33.00788001011989]]]}, "properties": {"name": "Louisiana Zone 2", "state": "Louisiana", "code": "LO-002", "population": 931551, "zips": 93}}, {"type": "Feature", "geometry": {"type": "Polygon", "coordinates": [[[-91.16577, 33.002096], [-91.072662, 32.887081], [-91.143862, 32.843265], [-91.154816, 32.640618], [-91.017893, 32.52398016323701], [-91.017893, 32.15615747933906], [-91.105524, 31.988862], [-91.341032, 31.846462], [-91.401278, 31.621907], [-91.499863, 31.643815], [-91.516294, 31.27686], [-91.636787, 31.265906], [-91.565587, 31.068736], [-91.636787, 30.997536], [-91.017893, 30.997536], [-91.017893, 29.18375620138915], [-91.09457, 29.190146], [-91.220539, 29.436608], [-91.445094, 29.546147], [-91.532725, 29.529716], [-91.620356, 29.73784], [-91.883249, 29.710455], [-91.888726, 29.836425], [-92.02565, 29.772332699863256], [-92.02565, 33.00788001011989], [-91.16577, 33.002096]]]}, "properties": {"name": "Louisiana Zone 3", "state": "Louisiana", "code": "LO-003", "population": 931551, "zips": 93}}, {"type": "Feature", "geometry": {"type": "MultiPolygon", "coordinates": [[[[-91.006939, 32.514649], [-90.985031, 32.218894], [-91.017893, 32.15615747933906], [-91.017893, 32.52398016323701], [-91.006939, 32.514649]]], [[[-90.010136, 30.997536], [-90.010136, 29.432292558307836], [-90.032043, 29.425654], [-90.021089, 29.283254], [-90.103244, 29.151807], [-90.23469, 29.129899], [-90.333275, 29.277777], [-90.563307, 29.283254], [-90.645461, 29.129899], [-90.798815, 29.086084], [-90.963123, 29.179192], [-91.017893, 29.18375620138915], [-91.017893, 30.997536], [-90.010136, 30.997536]]]]}, "properties": {"name": "Louisiana Zone 4", "state": "Louisiana", "code": "LO-004", "population": 931551, "zips": 93}}, {"type": "Feature", "geometry": {"type": "Polygon", "coordinates": [[[-89.747242, 30.997536], [-89.845827, 30.66892], [-89.681519, 30.449842], [-89.643181, 30.285534], [-89.522688, 30.181472], [-89.818443, 30.044549], [-89.84035, 29.945964], [-89.599365, 29.88024], [-89.495303, 30.039072], [-89.287179, 29.88024], [-89.30361, 29.754271], [-89.424103, 29.699501], [-89.648657, 29.748794], [-89.621273, 29.655686], [-89.69795, 29.513285], [-89.506257, 29.387316], [-89.199548, 29.348977], [-89.09001, 29.2011], [-89.002379, 29.179192], [-89.16121, 29.009407], [-89.336472, 29.042268], [-89.484349, 29.217531], [-89.851304, 29.310638], [-89.851304, 29.480424], [-90.010136, 29.432292558307836], [-90.010136, 30.997536], [-89.747242, 30.997536]]]}, "properties": {"name": "Louisiana Zone 5", "state": "Louisiana", "code": "LO-005", "population": 931551, "zips": 93}}, {"type": "Feature", "geometry": {"type": "Polygon", "coordinates": [[[-70.703921, 43.057759], [-70.824413, 43.128959], [-70.807983, 43.227544], [-70.966814, 43.34256], [-71.032537, 44.657025], [-71.08183, 45.303304], [-70.649151, 45.440228], [-70.720352, 45.511428], [-70.556043, 45.664782], [-70.386258, 45.735983], [-70.41912, 45.796229], [-70.260289, 45.889337], [-70.309581, 46.064599], [-70.210996, 46.327492], [-70.057642, 46.415123], [-69.997395, 46.694447], [-69.225147, 47.461219], [-69.044408, 47.428357], [-69.033454, 47.242141], [-68.902007, 47.176418], [-68.578868, 47.285957], [-68.376221, 47.285957], [-68.233821, 47.357157], [-67.954497, 47.198326], [-67.790188, 47.066879], [-67.779235, 45.944106], [-67.801142, 45.675736], [-67.456095, 45.604536], [-67.505388, 45.48952], [-67.417757, 45.379982], [-67.488957, 45.281397], [-67.346556, 45.128042], [-67.16034, 45.160904], [-66.979601, 44.804903], [-67.187725, 44.646072], [-67.308218, 44.706318], [-67.406803, 44.596779], [-67.549203, 44.624164], [-67.565634, 44.531056], [-67.75185, 44.54201], [-68.047605, 44.328409], [-68.118805, 44.476286], [-68.222867, 44.48724], [-68.173574, 44.328409], [-68.403606, 44.251732], [-68.458375, 44.377701], [-68.567914, 44.311978], [-68.82533, 44.311978], [-68.830807, 44.459856], [-68.984161, 44.426994], [-68.956777, 44.322932], [-69.099177, 44.103854], [-69.071793, 44.043608], [-69.258008, 43.923115], [-69.444224, 43.966931], [-69.553763, 43.840961], [-69.707118, 43.82453], [-69.833087, 43.720469], [-69.986442, 43.742376], [-70.030257, 43.851915], [-70.254812, 43.676653], [-70.194565, 43.567114], [-70.358873, 43.528776], [-70.369827, 43.435668], [-70.556043, 43.320652], [-70.703921, 43.057759]]]}, "properties": {"name": "Maine Territory", "state": "Maine", "code": "MA-001", "population": 1362359, "zips": 136}}, {"type": "Feature", "geometry": {"type": "Polygon", "coordinates": [[[-78.74863316666666, 39.722302], [-78.74863316666666, 39.58120359036308], [-78.765977, 39.585379], [-78.963147, 39.437501], [-79.094593, 39.470363], [-79.291763, 39.300578], [-79.488933, 39.20747], [-79.477979, 39.722302], [-78.74863316666666, 39.722302]]]}, "properties": {"name": "Maryland Zone 1", "state": "Maryland", "code": "MA-001", "population": 1029537, "zips": 102}}, {"type": "Feature", "geometry": {"type": "Polygon", "coordinates": [[[-78.00833333333334, 39.722302], [-78.00833333333334, 39.60381134616722], [-78.174467, 39.694917], [-78.267575, 39.61824], [-78.431884, 39.623717], [-78.470222, 39.514178], [-78.74863316666666, 39.58120359036308], [-78.74863316666666, 39.722302], [-78.00833333333334, 39.722302]]]}, "properties": {"name": "Maryland Zone 2", "state": "Maryland", "code": "MA-002", "population": 1029537, "zips": 102}}, {"type": "Feature", "geometry": {"type": "MultiPolygon", "coordinates": [[[[-77.2680335, 39.722302], [-77.2680335, 39.03127109625992], [-77.456988, 39.076023], [-77.456988, 39.223901], [-77.566527, 39.306055], [-77.719881, 39.322485], [-77.834897, 39.601809], [-78.004682, 39.601809], [-78.00833333333334, 39.60381134616722], [-78.00833333333334, 39.722302], [-77.2680335, 39.722302]]], [[[-77.276249, 38.479037], [-77.2680335, 38.48755678189306], [-77.2680335, 38.46513376627106], [-77.276249, 38.479037]]]]}, "properties": {"name": "Maryland Zone 3", "state": "Maryland", "code": "MA-003", "population": 1029537, "zips": 102}}, {"type": "Feature", "geometry": {"type": "Polygon", "coordinates": [[[-76.52773366666666, 39.722302], [-76.52773366666666, 38.81242082612974], [-76.55877, 38.769315], [-76.52773366666666, 38.60637566666664], [-76.52773366666666, 38.17202361640119], [-76.591632, 38.216144], [-76.920248, 38.292821], [-77.018833, 38.446175], [-77.205049, 38.358544], [-77.2680335, 38.46513376627106], [-77.2680335, 38.48755678189306], [-77.128372, 38.632391], [-77.040741, 38.791222], [-76.909294, 38.895284], [-77.035264, 38.993869], [-77.117418, 38.933623], [-77.248864, 39.026731], [-77.2680335, 39.03127109625992], [-77.2680335, 39.722302], [-76.52773366666666, 39.722302]]]}, "properties": {"name": "Maryland Zone 4", "state": "Maryland", "code": "MA-004", "population": 1029537, "zips": 102}}, {"type": "Feature", "geometry": {"type": "GeometryCollection", "geometries": [{"type": "Polygon", "coordinates": [[[-75.78743383333334, 39.722302], [-75.78743383333334, 37.929470140367506], [-75.885106, 37.909435], [-75.879629, 38.073743], [-75.961783, 38.139466], [-75.846768, 38.210667], [-76.000122, 38.374975], [-76.049415, 38.303775], [-76.257538, 38.320205], [-76.328738, 38.500944], [-76.263015, 38.500944], [-76.257538, 38.736453], [-76.191815, 38.829561], [-76.279446, 39.147223], [-76.169907, 39.333439], [-76.000122, 39.366301], [-75.972737, 39.557994], [-76.098707, 39.536086], [-76.104184, 39.437501], [-76.367077, 39.311532], [-76.443754, 39.196516], [-76.460185, 38.906238], [-76.52773366666666, 38.81242082612974], [-76.52773366666666, 39.722302], [-75.78743383333334, 39.722302]]]}, {"type": "Polygon", "coordinates": [[[-76.514954, 38.539283], [-76.383508, 38.380452], [-76.399939, 38.259959], [-76.317785, 38.139466], [-76.3616, 38.057312], [-76.52773366666666, 38.17202361640119], [-76.52773366666666, 38.60637566666664], [-76.514954, 38.539283]]]}, {"type": "LineString", "coordinates": [[-75.994645, 37.95325], [-76.016553, 37.95325]]}, {"type": "LineString", "coordinates": [[-76.016553, 37.95325], [-76.043938, 37.95325]]}]}, "properties": {"name": "Maryland Zone 5", "state": "Maryland", "code": "MA-005", "population": 1029537, "zips": 102}}, {"type": "Feature", "geometry": {"type": "Polygon", "coordinates": [[[-75.786521, 39.722302], [-75.693413, 38.462606], [-75.047134, 38.451652], [-75.244304, 38.029928], [-75.397659, 38.013497], [-75.671506, 37.95325], [-75.78743383333334, 37.929470140367506], [-75.78743383333334, 39.722302], [-75.786521, 39.722302]]]}, "properties": {"name": "Maryland Zone 6", "state": "Maryland", "code": "MA-006", "population": 1029537, "zips": 102}}, {"type": "Feature", "geometry": {"type": "Polygon", "coordinates": [[[-73.053528, 42.039048], [-73.486206, 42.050002], [-73.508114, 42.08834], [-73.267129, 42.745573], [-72.99797614285715, 42.74011713826559], [-72.99797614285715, 42.03832023828956], [-73.053528, 42.039048]]]}, "properties": {"name": "Massachusetts Zone 1", "state": "Massachusetts", "code": "MA-001", "population": 1004273, "zips": 100}}, {"type": "Feature", "geometry": {"type": "Polygon", "coordinates": [[[-72.99797614285715, 42.03832023828956], [-72.99797614285715, 42.74011713826559], [-72.48783828571429, 42.7297763912135], [-72.48783828571429, 42.03163713499522], [-72.99797614285715, 42.03832023828956]]]}, "properties": {"name": "Massachusetts Zone 2", "state": "Massachusetts", "code": "MA-002", "population": 1004273, "zips": 100}}, {"type": "Feature", "geometry": {"type": "Polygon", "coordinates": [[[-72.48783828571429, 42.03163713499522], [-72.48783828571429, 42.7297763912135], [-72.456542, 42.729142], [-71.97770042857144, 42.715590152392956], [-71.97770042857144, 42.02495403170089], [-72.48783828571429, 42.03163713499522]]]}, "properties": {"name": "Massachusetts Zone 3", "state": "Massachusetts", "code": "MA-003", "population": 1004273, "zips": 100}}, {"type": "Feature", "geometry": {"type": "Polygon", "coordinates": [[[-71.530939, 42.01714], [-71.799309, 42.006186], [-71.799309, 42.022617], [-71.97770042857144, 42.02495403170089], [-71.97770042857144, 42.715590152392956], [-71.46756257142857, 42.70115257865022], [-71.46756257142857, 42.01714], [-71.530939, 42.01714]]]}, "properties": {"name": "Massachusetts Zone 4", "state": "Massachusetts", "code": "MA-004", "population": 1004273, "zips": 100}}, {"type": "Feature", "geometry": {"type": "Polygon", "coordinates": [[[-70.983245, 42.422434], [-70.988722, 42.269079], [-70.95742471428572, 42.26594938571585], [-70.95742471428572, 41.53512307513625], [-71.120168, 41.496831], [-71.196845, 41.67757], [-71.22423, 41.710431], [-71.328292, 41.781632], [-71.383061, 42.01714], [-71.46756257142857, 42.01714], [-71.46756257142857, 42.70115257865022], [-71.29543, 42.696281], [-71.185891, 42.789389], [-70.95742471428572, 42.873315477539], [-70.95742471428572, 42.443802321723574], [-70.983245, 42.422434]]]}, "properties": {"name": "Massachusetts Zone 5", "state": "Massachusetts", "code": "MA-005", "population": 1004273, "zips": 100}}, {"type": "Feature", "geometry": {"type": "MultiPolygon", "coordinates": [[[[-70.818936, 42.871543], [-70.780598, 42.696281], [-70.824413, 42.55388], [-70.95742471428572, 42.443802321723574], [-70.95742471428572, 42.873315477539], [-70.917521, 42.887974], [-70.818936, 42.871543]]], [[[-70.769644, 42.247172], [-70.638197, 42.08834], [-70.660105, 41.962371], [-70.550566, 41.929509], [-70.539613, 41.814493], [-70.44728685714286, 41.781907283077814], [-70.44728685714286, 41.56109697650188], [-70.484843, 41.5516], [-70.660105, 41.546123], [-70.764167, 41.639231], [-70.928475, 41.611847], [-70.933952, 41.540646], [-70.95742471428572, 41.53512307513625], [-70.95742471428572, 42.26594938571585], [-70.769644, 42.247172]]]]}, "properties": {"name": "Massachusetts Zone 6", "state": "Massachusetts", "code": "MA-006", "population": 1004273, "zips": 100}}, {"type": "Feature", "geometry": {"type": "Polygon", "coordinates": [[[-70.260289, 41.715908], [-69.937149, 41.809016], [-70.008349, 41.672093], [-70.44728685714286, 41.56109697650188], [-70.44728685714286, 41.781907283077814], [-70.260289, 41.715908]]]}, "properties": {"name": "Massachusetts Zone 7", "state": "Massachusetts", "code": "MA-007", "population": 1004273, "zips": 100}}, {"type": "Feature", "geometry": {"type": "Polygon", "coordinates": [[[-90.119674, 46.338446], [-90.229213, 46.508231], [-90.415429, 46.568478], [-90.026566, 46.672539], [-89.851304, 46.793032], [-89.61524800000001, 46.81958860304687], [-89.61524800000001, 46.23917049301714], [-90.119674, 46.338446]]]}, "properties": {"name": "Michigan Zone 1", "state": "Michigan", "code": "MI-001", "population": 1007733, "zips": 100}}, {"type": "Feature", "geometry": {"type": "MultiPolygon", "coordinates": [[[[-89.09001, 46.135799], [-89.61524800000001, 46.23917049301714], [-89.61524800000001, 46.81958860304687], [-89.413149, 46.842325], [-89.128348, 46.990202], [-88.996902, 46.995679], [-88.887363, 47.099741], [-88.815067, 47.13398633961164], [-88.815067, 46.0406268191324], [-89.09001, 46.135799]]], [[[-89.057148, 47.850082], [-89.188594, 47.833651], [-89.177641, 47.937713], [-88.815067, 48.07328371233264], [-88.815067, 47.97112201956426], [-89.057148, 47.850082]]]]}, "properties": {"name": "Michigan Zone 2", "state": "Michigan", "code": "MI-002", "population": 1007733, "zips": 100}}, {"type": "Feature", "geometry": {"type": "MultiPolygon", "coordinates": [[[[-88.10416, 45.922199], [-88.531362, 46.020784], [-88.662808, 45.987922], [-88.815067, 46.0406268191324], [-88.815067, 47.13398633961164], [-88.575177, 47.247618], [-88.416346, 47.373588], [-88.180837, 47.455742], [-88.014886, 47.4031234262939], [-88.014886, 47.33896187237663], [-88.350623, 47.077833], [-88.443731, 46.973771], [-88.438254, 46.787555], [-88.246561, 46.929956], [-88.014886, 46.91524634829937], [-88.014886, 45.82442179024476], [-88.10416, 45.922199]]], [[[-88.815067, 47.97112201956426], [-88.815067, 48.07328371233264], [-88.547792, 48.173221], [-88.668285, 48.008913], [-88.805209, 47.976051], [-88.815067, 47.97112201956426]]]]}, "properties": {"name": "Michigan Zone 3", "state": "Michigan", "code": "MI-003", "population": 1007733, "zips": 100}}, {"type": "Feature", "geometry": {"type": "MultiPolygon", "coordinates": [[[[-87.742682, 45.199243], [-87.649574, 45.341643], [-87.885083, 45.363551], [-87.791975, 45.500474], [-87.781021, 45.675736], [-87.989145, 45.796229], [-88.014886, 45.82442179024476], [-88.014886, 46.91524634829937], [-87.901513, 46.908048], [-87.633143, 46.809463], [-87.392158, 46.535616], [-87.260711, 46.486323], [-87.214705, 46.49432413875184], [-87.214705, 45.59538129030682], [-87.326435, 45.423797], [-87.611236, 45.122565], [-87.589328, 45.095181], [-87.742682, 45.199243]]], [[[-87.956283, 47.384542], [-88.014886, 47.33896187237663], [-88.014886, 47.4031234262939], [-87.956283, 47.384542]]]]}, "properties": {"name": "Michigan Zone 4", "state": "Michigan", "code": "MI-004", "population": 1007733, "zips": 100}}, {"type": "Feature", "geometry": {"type": "MultiPolygon", "coordinates": [[[[-86.822556, 41.759724], [-86.619909, 41.891171], [-86.482986, 42.115725], [-86.414524, 42.19014026465031], [-86.414524, 41.759724], [-86.822556, 41.759724]]], [[[-86.526801, 43.594499], [-86.433693, 43.813577], [-86.499417, 44.07647], [-86.414524, 44.17551158730089], [-86.414524, 43.37410270438945], [-86.526801, 43.594499]]], [[[-87.008772, 46.530139], [-86.948526, 46.469893], [-86.696587, 46.437031], [-86.414524, 46.55791521793006], [-86.414524, 45.777444021237336], [-86.663725, 45.703121], [-86.647294, 45.834568], [-86.784218, 45.861952], [-86.838987, 45.725029], [-87.069019, 45.719552], [-87.17308, 45.659305], [-87.214705, 45.59538129030682], [-87.214705, 46.49432413875184], [-87.008772, 46.530139]]]]}, "properties": {"name": "Michigan Zone 5", "state": "Michigan", "code": "MI-005", "population": 1007733, "zips": 100}}, {"type": "Feature", "geometry": {"type": "MultiPolygon", "coordinates": [[[[-85.990061, 41.759724], [-86.414524, 41.759724], [-86.414524, 42.19014026465031], [-86.357016, 42.252649], [-86.263908, 42.444341], [-86.209139, 42.718189], [-86.231047, 43.013943], [-86.414524, 43.37410270438945], [-86.414524, 44.17551158730089], [-86.269385, 44.34484], [-86.220093, 44.569394], [-86.252954, 44.689887], [-86.088646, 44.73918], [-86.066738, 44.903488], [-85.809322, 44.947303], [-85.614343, 45.12603358518536], [-85.614343, 45.07984053338183], [-85.628583, 44.766564], [-85.614343, 44.764315557340815], [-85.614343, 41.759724], [-85.990061, 41.759724]]], [[[-85.623106, 45.588105], [-85.614343, 45.615270475999196], [-85.614343, 45.58956552222205], [-85.623106, 45.588105]]], [[[-86.159846, 46.667063], [-85.880522, 46.68897], [-85.614343, 46.6811411007784], [-85.614343, 46.004995159811365], [-85.661445, 45.966014], [-85.924338, 45.933153], [-86.209139, 45.960537], [-86.324155, 45.905768], [-86.351539, 45.796229], [-86.414524, 45.777444021237336], [-86.414524, 46.55791521793006], [-86.159846, 46.667063]]]]}, "properties": {"name": "Michigan Zone 6", "state": "Michigan", "code": "MI-006", "population": 1007733, "zips": 100}}, {"type": "Feature", "geometry": {"type": "MultiPolygon", "coordinates": [[[[-85.614343, 41.759724], [-85.614343, 44.764315557340815], [-85.524521, 44.750133], [-85.393075, 44.930872], [-85.387598, 45.237581], [-85.305444, 45.314258], [-85.031597, 45.363551], [-85.119228, 45.577151], [-84.938489, 45.75789], [-84.814162, 45.76395478572287], [-84.814162, 41.759724], [-85.614343, 41.759724]]], [[[-85.612152, 45.128042], [-85.614343, 45.07984053338183], [-85.614343, 45.12603358518536], [-85.612152, 45.128042]]], [[[-85.49166, 45.610013], [-85.614343, 45.58956552222205], [-85.614343, 45.615270475999196], [-85.568337, 45.75789], [-85.508091, 45.730506], [-85.49166, 45.610013]]], [[[-85.508091, 46.678016], [-85.256151, 46.754694], [-85.064458, 46.760171], [-85.02612, 46.480847], [-84.82895, 46.442508], [-84.814162, 46.44579418055485], [-84.814162, 45.87033415349686], [-84.82895, 45.872906], [-85.015166, 46.00983], [-85.338305, 46.091984], [-85.502614, 46.097461], [-85.614343, 46.004995159811365], [-85.614343, 46.6811411007784], [-85.508091, 46.678016]]]]}, "properties": {"name": "Michigan Zone 7", "state": "Michigan", "code": "MI-007", "population": 1007733, "zips": 100}}, {"type": "Feature", "geometry": {"type": "MultiPolygon", "coordinates": [[[[-84.807042, 41.694001], [-84.807042, 41.759724], [-84.814162, 41.759724], [-84.814162, 45.76395478572287], [-84.713934, 45.768844], [-84.461995, 45.653829], [-84.215533, 45.637398], [-84.09504, 45.494997], [-84.013981, 45.49022877231817], [-84.013981, 41.7164760759297], [-84.807042, 41.694001]]], [[[-84.63178, 46.486323], [-84.549626, 46.4206], [-84.418179, 46.502754], [-84.127902, 46.530139], [-84.122425, 46.179615], [-84.013981, 46.05761539687479], [-84.013981, 45.96526924984024], [-84.111471, 45.976968], [-84.374364, 45.933153], [-84.659165, 46.053645], [-84.741319, 45.944106], [-84.70298, 45.850998], [-84.814162, 45.87033415349686], [-84.814162, 46.44579418055485], [-84.63178, 46.486323]]]]}, "properties": {"name": "Michigan Zone 8", "state": "Michigan", "code": "MI-008", "population": 1007733, "zips": 100}}, {"type": "Feature", "geometry": {"type": "MultiPolygon", "coordinates": [[[[-84.013981, 41.7164760759297], [-84.013981, 45.49022877231817], [-83.908824, 45.484043], [-83.596638, 45.352597], [-83.4871, 45.358074], [-83.317314, 45.144473], [-83.454238, 45.029457], [-83.322791, 44.88158], [-83.273499, 44.711795], [-83.333745, 44.339363], [-83.536392, 44.246255], [-83.585684, 44.054562], [-83.82667, 43.988839], [-83.958116, 43.758807], [-83.908824, 43.671176], [-83.667839, 43.589022], [-83.481623, 43.714992], [-83.262545, 43.972408], [-83.21379999999999, 43.98633516303866], [-83.21379999999999, 41.98493335997206], [-83.437807, 41.814493], [-83.454238, 41.732339], [-84.013981, 41.7164760759297]]], [[[-83.990978, 46.031737], [-83.793808, 45.993399], [-83.7719, 46.091984], [-83.580208, 46.091984], [-83.476146, 45.987922], [-83.563777, 45.911245], [-84.013981, 45.96526924984024], [-84.013981, 46.05761539687479], [-83.990978, 46.031737]]]]}, "properties": {"name": "Michigan Zone 9", "state": "Michigan", "code": "MI-009", "population": 1007733, "zips": 100}}, {"type": "Feature", "geometry": {"type": "Polygon", "coordinates": [[[-82.917498, 44.070993], [-82.747713, 43.994316], [-82.643651, 43.851915], [-82.539589, 43.435668], [-82.523158, 43.227544], [-82.413619, 42.975605], [-82.517681, 42.614127], [-82.681989, 42.559357], [-82.687466, 42.690804], [-82.797005, 42.652465], [-82.922975, 42.351234], [-83.125621, 42.236218], [-83.185868, 42.006186], [-83.21379999999999, 41.98493335997206], [-83.21379999999999, 43.98633516303866], [-82.917498, 44.070993]]]}, "properties": {"name": "Michigan Zone 10", "state": "Michigan", "code": "MI-010", "population": 1007733, "zips": 100}}, {"type": "Feature", "geometry": {"type": "Polygon", "coordinates": [[[-96.451017, 43.501391], [-96.451017, 45.297827], [-96.681049, 45.412843], [-96.856311, 45.604536], [-96.582464, 45.818137], [-96.560556, 45.933153], [-96.598895, 46.332969], [-96.719387, 46.437031], [-96.801542, 46.656109], [-96.785111, 46.924479], [-96.823449, 46.968294], [-96.856311, 47.609096], [-97.053481, 47.948667], [-97.130158, 48.140359], [-97.16302, 48.545653], [-97.097296, 48.682577], [-97.228743, 49.000239], [-95.9599185, 49.000239], [-95.9599185, 43.501391], [-96.451017, 43.501391]]]}, "properties": {"name": "Minnesota Zone 1", "state": "Minnesota", "code": "MI-001", "population": 951082, "zips": 95}}, {"type": "Feature", "geometry": {"type": "Polygon", "coordinates": [[[-95.9599185, 43.501391], [-95.9599185, 49.000239], [-95.152983, 49.000239], [-95.152983, 49.383625], [-94.955813, 49.372671], [-94.824366, 49.295994], [-94.69292, 48.775685], [-94.69109399999999, 48.77462783194634], [-94.69109399999999, 43.501391], [-95.9599185, 43.501391]]]}, "properties": {"name": "Minnesota Zone 2", "state": "Minnesota", "code": "MI-002", "population": 951082, "zips": 95}}, {"type": "Feature", "geometry": {"type": "Polygon", "coordinates": [[[-94.69109399999999, 43.501391], [-94.69109399999999, 48.77462783194634], [-94.588858, 48.715438], [-94.260241, 48.699007], [-94.221903, 48.649715], [-93.838517, 48.627807], [-93.794701, 48.518268], [-93.466085, 48.545653], [-93.466085, 48.589469], [-93.4222695, 48.59879138524218], [-93.4222695, 43.501391], [-94.69109399999999, 43.501391]]]}, "properties": {"name": "Minnesota Zone 3", "state": "Minnesota", "code": "MI-003", "population": 951082, "zips": 95}}, {"type": "Feature", "geometry": {"type": "Polygon", "coordinates": [[[-92.29402, 46.667063], [-92.29402, 46.075553], [-92.354266, 46.015307], [-92.639067, 45.933153], [-92.869098, 45.719552], [-92.885529, 45.577151], [-92.770513, 45.566198], [-92.644544, 45.440228], [-92.75956, 45.286874], [-92.737652, 45.117088], [-92.808852, 44.750133], [-92.545959, 44.569394], [-92.337835, 44.552964], [-92.233773, 44.443425], [-92.153445, 44.41473631632693], [-92.153445, 43.501391], [-93.4222695, 43.501391], [-93.4222695, 48.59879138524218], [-93.208669, 48.644238], [-92.984114, 48.62233], [-92.726698, 48.540176], [-92.655498, 48.436114], [-92.50762, 48.447068], [-92.370697, 48.222514], [-92.304974, 48.315622], [-92.153445, 48.34197447731603], [-92.153445, 46.72405273362547], [-92.29402, 46.667063]]]}, "properties": {"name": "Minnesota Zone 4", "state": "Minnesota", "code": "MI-004", "population": 951082, "zips": 95}}, {"type": "Feature", "geometry": {"type": "MultiPolygon", "coordinates": [[[[-92.091373, 46.749217], [-92.153445, 46.72405273362547], [-92.153445, 48.34197447731603], [-92.053034, 48.359437], [-92.009219, 48.266329], [-91.713464, 48.200606], [-91.713464, 48.112975], [-91.565587, 48.041775], [-91.264355, 48.080113], [-91.083616, 48.178698], [-90.8846205, 48.227341129135525], [-90.8846205, 47.53863560981145], [-91.171247, 47.368111], [-91.357463, 47.20928], [-91.642264, 47.028541], [-92.091373, 46.787555], [-92.014696, 46.705401], [-92.091373, 46.749217]]], [[[-91.927065, 44.333886], [-91.877772, 44.202439], [-91.592971, 44.032654], [-91.43414, 43.994316], [-91.242447, 43.775238], [-91.269832, 43.616407], [-91.215062, 43.501391], [-91.368417, 43.501391], [-92.153445, 43.501391], [-92.153445, 44.41473631632693], [-91.927065, 44.333886]]]]}, "properties": {"name": "Minnesota Zone 5", "state": "Minnesota", "code": "MI-005", "population": 951082, "zips": 95}}, {"type": "Feature", "geometry": {"type": "Polygon", "coordinates": [[[-90.837154, 48.238944], [-90.749522, 48.091067], [-90.579737, 48.123929], [-90.377091, 48.091067], [-90.141582, 48.112975], [-89.873212, 47.987005], [-89.615796, 48.008913], [-89.637704, 47.954144], [-89.971797, 47.828174], [-90.437337, 47.729589], [-90.738569, 47.625527], [-90.8846205, 47.53863560981145], [-90.8846205, 48.227341129135525], [-90.837154, 48.238944]]]}, "properties": {"name": "Minnesota Zone 6", "state": "Minnesota", "code": "MI-006", "population": 951082, "zips": 95}}, {"type": "Feature", "geometry": {"type": "Polygon", "coordinates": [[[-88.394438, 30.367688], [-88.503977, 30.323872], [-88.744962, 30.34578], [-88.843547, 30.411504], [-89.084533, 30.367688], [-89.418626, 30.252672], [-89.522688, 30.181472], [-89.643181, 30.285534], [-89.681519, 30.449842], [-89.845827, 30.66892], [-89.747242, 30.997536], [-91.636787, 30.997536], [-91.565587, 31.068736], [-91.636787, 31.265906], [-91.516294, 31.27686], [-91.499863, 31.643815], [-91.401278, 31.621907], [-91.35719552607601, 31.786215666666667], [-88.4656184633419, 31.786215666666667], [-88.394438, 30.367688]]]}, "properties": {"name": "Mississippi Zone 1", "state": "Mississippi", "code": "MI-001", "population": 987093, "zips": 98}}, {"type": "Feature", "geometry": {"type": "Polygon", "coordinates": [[[-88.471115, 31.895754], [-88.4656184633419, 31.786215666666667], [-91.35719552607601, 31.786215666666667], [-91.341032, 31.846462], [-91.105524, 31.988862], [-90.985031, 32.218894], [-91.006939, 32.514649], [-91.154816, 32.640618], [-91.143862, 32.843265], [-91.072662, 32.887081], [-91.16577, 33.002096], [-91.089093, 33.13902], [-91.143862, 33.347144], [-91.097125608889, 33.390959333333335], [-88.2901395940503, 33.390959333333335], [-88.471115, 31.895754]]]}, "properties": {"name": "Mississippi Zone 2", "state": "Mississippi", "code": "MI-002", "population": 987093, "zips": 98}}, {"type": "Feature", "geometry": {"type": "Polygon", "coordinates": [[[-88.202745, 34.995703], [-88.098683, 34.891641], [-88.241084, 33.796253], [-88.2901395940503, 33.390959333333335], [-91.097125608889, 33.390959333333335], [-91.056231, 33.429298], [-91.231493, 33.560744], [-91.072662, 33.867453], [-90.891923, 34.026284], [-90.952169, 34.135823], [-90.744046, 34.300131], [-90.749522, 34.365854], [-90.568783, 34.420624], [-90.585214, 34.617794], [-90.481152, 34.661609], [-90.409952, 34.831394], [-90.251121, 34.908072], [-90.311367, 34.995703], [-88.471115, 34.995703], [-88.202745, 34.995703]]]}, "properties": {"name": "Mississippi Zone 3", "state": "Mississippi", "code": "MI-003", "population": 987093, "zips": 98}}, {"type": "Feature", "geometry": {"type": "Polygon", "coordinates": [[[-94.824366, 39.20747], [-94.983197, 39.442978], [-95.109167, 39.541563], [-94.884612, 39.831841], [-95.207752, 39.908518], [-95.306337, 40.001626], [-95.552799, 40.264519], [-95.7664, 40.587659], [-94.66097083333334, 40.57163811786744], [-94.66097083333334, 39.16976307002074], [-94.824366, 39.20747]]]}, "properties": {"name": "Missouri Zone 1", "state": "Missouri", "code": "MI-001", "population": 1025818, "zips": 102}}, {"type": "Feature", "geometry": {"type": "Polygon", "coordinates": [[[-94.473842, 36.501861], [-94.616242, 36.501861], [-94.616242, 37.000263], [-94.610765, 39.158177], [-94.66097083333334, 39.16976307002074], [-94.66097083333334, 40.57163811786744], [-94.632673, 40.571228], [-93.55554166666667, 40.5798108134368], [-93.55554166666667, 36.50069710859179], [-94.473842, 36.501861]]]}, "properties": {"name": "Missouri Zone 2", "state": "Missouri", "code": "MI-002", "population": 1025818, "zips": 102}}, {"type": "Feature", "geometry": {"type": "Polygon", "coordinates": [[[-93.55554166666667, 36.50069710859179], [-93.55554166666667, 40.5798108134368], [-93.257961, 40.582182], [-92.4501125, 40.597717155325405], [-92.4501125, 36.49929604244515], [-93.55554166666667, 36.50069710859179]]]}, "properties": {"name": "Missouri Zone 3", "state": "Missouri", "code": "MI-003", "population": 1025818, "zips": 102}}, {"type": "Feature", "geometry": {"type": "Polygon", "coordinates": [[[-91.729895, 40.615043], [-91.527248, 40.412397], [-91.417709, 40.379535], [-91.50534, 40.237135], [-91.494386, 40.034488], [-91.368417, 39.727779], [-91.34468333333334, 39.707859709928094], [-91.34468333333334, 36.497894976298525], [-92.4501125, 36.49929604244515], [-92.4501125, 40.597717155325405], [-91.833957, 40.609566], [-91.729895, 40.615043]]]}, "properties": {"name": "Missouri Zone 4", "state": "Missouri", "code": "MI-004", "population": 1025818, "zips": 102}}, {"type": "Feature", "geometry": {"type": "MultiPolygon", "coordinates": [[[[-91.061708, 39.470363], [-90.727615, 39.256762], [-90.661891, 38.928146], [-90.585214, 38.867899], [-90.470199, 38.961007], [-90.251121, 38.917192], [-90.23925416666667, 38.91125862500029], [-90.23925416666667, 38.54243425216792], [-90.349706, 38.374975], [-90.355183, 38.216144], [-90.23925416666667, 38.13671125908776], [-90.23925416666667, 36.49649391015189], [-91.34468333333334, 36.497894976298525], [-91.34468333333334, 39.707859709928094], [-91.061708, 39.470363]]], [[[-90.377091, 35.997983], [-90.23925416666667, 36.15958408640576], [-90.23925416666667, 35.997983], [-90.377091, 35.997983]]]]}, "properties": {"name": "Missouri Zone 5", "state": "Missouri", "code": "MI-005", "population": 1025818, "zips": 102}}, {"type": "Feature", "geometry": {"type": "MultiPolygon", "coordinates": [[[[-90.10872, 38.845992], [-90.207305, 38.725499], [-90.179921, 38.632391], [-90.23925416666667, 38.54243425216792], [-90.23925416666667, 38.91125862500029], [-90.10872, 38.845992]]], [[[-90.059428, 38.013497], [-89.949889, 37.88205], [-89.84035, 37.903958], [-89.517211, 37.690357], [-89.517211, 37.537003], [-89.435057, 37.34531], [-89.517211, 37.279587], [-89.292656, 36.994786], [-89.133825, 36.983832], [-89.215979, 36.578538], [-89.363857, 36.622354], [-89.418626, 36.496384], [-89.484349, 36.496384], [-89.539119, 36.496384], [-89.533642, 36.249922], [-89.730812, 35.997983], [-90.23925416666667, 35.997983], [-90.23925416666667, 36.15958408640576], [-90.218259, 36.184199], [-90.064905, 36.304691], [-90.152536, 36.496384], [-90.23925416666667, 36.49649391015189], [-90.23925416666667, 38.13671125908776], [-90.059428, 38.013497]]]]}, "properties": {"name": "Missouri Zone 6", "state": "Missouri", "code": "MI-006", "population": 1025818, "zips": 102}}, {"type": "Feature", "geometry": {"type": "Polygon", "coordinates": [[[-104.047534, 49.000239], [-104.042057, 47.861036], [-104.047534, 45.944106], [-104.042057, 44.996596], [-104.058488, 44.996596], [-105.91517, 45.002073], [-109.080842, 45.002073], [-111.05254, 45.002073], [-111.047063, 44.476286], [-111.227803, 44.580348], [-111.386634, 44.75561], [-111.616665, 44.547487], [-111.819312, 44.509148], [-111.868605, 44.563917], [-112.104113, 44.520102], [-112.241036, 44.569394], [-112.471068, 44.481763], [-112.783254, 44.48724], [-112.887315, 44.394132], [-113.002331, 44.448902], [-113.133778, 44.772041], [-113.341901, 44.782995], [-113.456917, 44.865149], [-113.45144, 45.056842], [-113.571933, 45.128042], [-113.736241, 45.330689], [-113.834826, 45.522382], [-113.807441, 45.604536], [-113.98818, 45.703121], [-114.086765, 45.593582], [-114.333228, 45.456659], [-114.546828, 45.560721], [-114.497536, 45.670259], [-114.568736, 45.774321], [-114.387997, 45.88386], [-114.492059, 46.037214], [-114.464674, 46.272723], [-114.322274, 46.645155], [-114.612552, 46.639678], [-114.623506, 46.705401], [-114.886399, 46.809463], [-114.930214, 46.919002], [-115.302646, 47.187372], [-115.324554, 47.258572], [-115.527201, 47.302388], [-115.718894, 47.42288], [-115.724371, 47.696727], [-116.04751, 47.976051], [-116.04751, 49.000239], [-111.50165, 48.994762], [-109.453274, 49.000239], [-104.047534, 49.000239]]]}, "properties": {"name": "Montana Territory", "state": "Montana", "code": "MO-001", "population": 1084225, "zips": 108}}, {"type": "Feature", "geometry": {"type": "Polygon", "coordinates": [[[-101.626726, 42.997512], [-99.679674, 42.997512], [-99.679674, 40.001626], [-101.90605, 40.001626], [-102.053927, 40.001626], [-102.053927, 41.003906], [-104.053011, 41.003906], [-104.053011, 43.002989], [-103.324578, 43.002989], [-101.626726, 42.997512]]]}, "properties": {"name": "Nebraska Zone 1", "state": "Nebraska", "code": "NE-001", "population": 980752, "zips": 98}}, {"type": "Feature", "geometry": {"type": "Polygon", "coordinates": [[[-98.499393, 42.997512], [-98.466531, 42.94822], [-97.951699, 42.767481], [-97.831206, 42.866066], [-97.688806, 42.844158], [-97.217789, 42.844158], [-96.692003, 42.657942], [-96.626279, 42.515542], [-96.44554, 42.488157], [-96.264801, 42.039048], [-96.127878, 41.973325], [-96.062155, 41.798063], [-96.122401, 41.67757], [-96.095016, 41.540646], [-95.919754, 41.453015], [-95.925231, 41.201076], [-95.826646, 40.976521], [-95.881416, 40.719105], [-95.7664, 40.587659], [-95.552799, 40.264519], [-95.306337, 40.001626], [-99.679674, 40.001626], [-99.679674, 42.997512], [-98.499393, 42.997512]]]}, "properties": {"name": "Nebraska Zone 2", "state": "Nebraska", "code": "NE-002", "population": 980752, "zips": 98}}, {"type": "Feature", "geometry": {"type": "Polygon", "coordinates": [[[-114.048427, 37.000263], [-114.048427, 36.195153], [-114.152489, 36.025367], [-114.251074, 36.01989], [-114.371566, 36.140383], [-114.738521, 36.102045], [-114.678275, 35.516012], [-114.596121, 35.324319], [-114.574213, 35.138103], [-114.634459, 35.00118], [-115.85034, 35.970598], [-116.540435, 36.501861], [-117.498899, 37.21934], [-117.65749287334559, 37.33435633333333], [-114.04806066555696, 37.33435633333333], [-114.048427, 37.000263]]]}, "properties": {"name": "Nevada Zone 1", "state": "Nevada", "code": "NE-001", "population": 1034871, "zips": 103}}, {"type": "Feature", "geometry": {"type": "Polygon", "coordinates": [[[-114.04806066555696, 37.33435633333333], [-117.65749287334559, 37.33435633333333], [-118.71478, 38.101128], [-120.001861, 38.999346], [-119.99896838501903, 39.667532666666666], [-114.04550233000418, 39.667532666666666], [-114.04806066555696, 37.33435633333333]]]}, "properties": {"name": "Nevada Zone 2", "state": "Nevada", "code": "NE-002", "population": 1034871, "zips": 103}}, {"type": "Feature", "geometry": {"type": "Polygon", "coordinates": [[[-114.04295, 41.995232], [-114.04550233000418, 39.667532666666666], [-119.99896838501903, 39.667532666666666], [-119.996384, 40.264519], [-120.001861, 41.995232], [-118.698349, 41.989755], [-117.027882, 42.000709], [-114.04295, 41.995232]]]}, "properties": {"name": "Nevada Zone 3", "state": "Nevada", "code": "NE-003", "population": 1034871, "zips": 103}}, {"type": "Feature", "geometry": {"type": "Polygon", "coordinates": [[[-71.08183, 45.303304], [-71.032537, 44.657025], [-70.966814, 43.34256], [-70.807983, 43.227544], [-70.824413, 43.128959], [-70.703921, 43.057759], [-70.818936, 42.871543], [-70.917521, 42.887974], [-71.185891, 42.789389], [-71.29543, 42.696281], [-72.456542, 42.729142], [-72.544173, 42.80582], [-72.533219, 42.953697], [-72.445588, 43.008466], [-72.456542, 43.150867], [-72.379864, 43.572591], [-72.204602, 43.769761], [-72.116971, 43.994316], [-72.02934, 44.07647], [-72.034817, 44.322932], [-71.700724, 44.41604], [-71.536416, 44.585825], [-71.629524, 44.750133], [-71.4926, 44.914442], [-71.503554, 45.013027], [-71.361154, 45.270443], [-71.131122, 45.243058], [-71.08183, 45.303304]]]}, "properties": {"name": "New Hampshire Territory", "state": "New Hampshire", "code": "NE-001", "population": 1377529, "zips": 137}}, {"type": "Feature", "geometry": {"type": "Polygon", "coordinates": [[[-74.614456, 39.245808], [-74.795195, 38.993869], [-74.888303, 39.158177], [-75.178581, 39.240331], [-75.20528149930466, 39.25676211111111], [-74.59515592214707, 39.25676211111111], [-74.614456, 39.245808]]]}, "properties": {"name": "New Jersey Zone 1", "state": "New Jersey", "code": "NE-001", "population": 1032110, "zips": 103}}, {"type": "Feature", "geometry": {"type": "Polygon", "coordinates": [[[-74.411809, 39.360824], [-74.59515592214707, 39.25676211111111], [-75.20528149930466, 39.25676211111111], [-75.534582, 39.459409], [-75.54350748696852, 39.51965522222222], [-74.2877904487392, 39.51965522222222], [-74.411809, 39.360824]]]}, "properties": {"name": "New Jersey Zone 2", "state": "New Jersey", "code": "NE-002", "population": 1032110, "zips": 103}}, {"type": "Feature", "geometry": {"type": "Polygon", "coordinates": [[[-74.099624, 39.760641], [-74.2877904487392, 39.51965522222222], [-75.54350748696852, 39.51965522222222], [-75.55649, 39.607286], [-75.561967, 39.629194], [-75.507197, 39.683964], [-75.43101775068885, 39.78254833333333], [-74.0947060130504, 39.78254833333333], [-74.099624, 39.760641]]]}, "properties": {"name": "New Jersey Zone 3", "state": "New Jersey", "code": "NE-003", "population": 1032110, "zips": 103}}, {"type": "Feature", "geometry": {"type": "Polygon", "coordinates": [[[-74.0947060130504, 39.78254833333333], [-75.43101775068885, 39.78254833333333], [-75.414089, 39.804456], [-75.145719, 39.88661], [-75.129289, 39.963288], [-74.97593553703952, 40.04544144444444], [-74.03568902225949, 40.04544144444444], [-74.0947060130504, 39.78254833333333]]]}, "properties": {"name": "New Jersey Zone 4", "state": "New Jersey", "code": "NE-004", "population": 1032110, "zips": 103}}, {"type": "Feature", "geometry": {"type": "Polygon", "coordinates": [[[-73.979131, 40.297381], [-74.03568902225949, 40.04544144444444], [-74.97593553703952, 40.04544144444444], [-74.82258, 40.127596], [-74.773287, 40.215227], [-74.90414077493759, 40.308334555555554], [-73.9812174096744, 40.308334555555554], [-73.979131, 40.297381]]]}, "properties": {"name": "New Jersey Zone 5", "state": "New Jersey", "code": "NE-005", "population": 1032110, "zips": 103}}, {"type": "Feature", "geometry": {"type": "Polygon", "coordinates": [[[-74.274886, 40.489074], [-74.001039, 40.412397], [-73.9812174096744, 40.308334555555554], [-74.90414077493759, 40.308334555555554], [-75.058088, 40.417874], [-75.069042, 40.543843], [-75.17401572223237, 40.571227666666665], [-74.22794097108867, 40.571227666666665], [-74.274886, 40.489074]]]}, "properties": {"name": "New Jersey Zone 6", "state": "New Jersey", "code": "NE-006", "population": 1032110, "zips": 103}}, {"type": "Feature", "geometry": {"type": "Polygon", "coordinates": [[[-74.022947, 40.708151], [-74.187255, 40.642428], [-74.22794097108867, 40.571227666666665], [-75.17401572223237, 40.571227666666665], [-75.195012, 40.576705], [-75.205966, 40.691721], [-75.08136558507199, 40.83412077777778], [-73.97065755183729, 40.83412077777778], [-74.022947, 40.708151]]]}, "properties": {"name": "New Jersey Zone 7", "state": "New Jersey", "code": "NE-007", "population": 1032110, "zips": 103}}, {"type": "Feature", "geometry": {"type": "Polygon", "coordinates": [[[-73.902454, 40.998429], [-73.97065755183729, 40.83412077777778], [-75.08136558507199, 40.83412077777778], [-75.052611, 40.866983], [-75.134765, 40.971045], [-74.98227596275866, 41.09701388888889], [-74.13374817127377, 41.09701388888889], [-73.902454, 40.998429]]]}, "properties": {"name": "New Jersey Zone 8", "state": "New Jersey", "code": "NE-008", "population": 1032110, "zips": 103}}, {"type": "Feature", "geometry": {"type": "Polygon", "coordinates": [[[-74.13374817127377, 41.09701388888889], [-74.98227596275866, 41.09701388888889], [-74.882826, 41.179168], [-74.828057, 41.288707], [-74.69661, 41.359907], [-74.236547, 41.14083], [-74.13374817127377, 41.09701388888889]]]}, "properties": {"name": "New Jersey Zone 9", "state": "New Jersey", "code": "NE-009", "population": 1032110, "zips": 103}}, {"type": "Feature", "geometry": {"type": "Polygon", "coordinates": [[[-106.868158, 36.994786], [-106.024709, 36.994786], [-106.024709, 31.999816], [-106.616219, 31.999816], [-106.643603, 31.901231], [-106.528588, 31.786216], [-108.210008, 31.786216], [-108.210008, 31.331629], [-109.04798, 31.331629], [-109.042503, 37.000263], [-107.421329, 37.000263], [-106.868158, 36.994786]]]}, "properties": {"name": "New Mexico Zone 1", "state": "New Mexico", "code": "NE-001", "population": 1058761, "zips": 105}}, {"type": "Feature", "geometry": {"type": "Polygon", "coordinates": [[[-104.337812, 36.994786], [-103.001438, 37.000263], [-103.001438, 36.501861], [-103.039777, 36.501861], [-103.045254, 34.01533], [-103.067161, 33.002096], [-103.067161, 31.999816], [-106.024709, 31.999816], [-106.024709, 36.994786], [-104.337812, 36.994786]]]}, "properties": {"name": "New Mexico Zone 2", "state": "New Mexico", "code": "NE-002", "population": 1058761, "zips": 105}}, {"type": "Feature", "geometry": {"type": "Polygon", "coordinates": [[[-79.76278, 42.000709], [-79.76278, 42.252649], [-79.76278, 42.269079], [-79.37966805, 42.4469525614956], [-79.37966805, 42.000709], [-79.76278, 42.000709]]]}, "properties": {"name": "New York Zone 1", "state": "New York", "code": "NE-001", "population": 1010062, "zips": 101}}, {"type": "Feature", "geometry": {"type": "MultiPolygon", "coordinates": [[[[-79.37966805, 42.000709], [-79.37966805, 42.4469525614956], [-79.149363, 42.55388], [-79.050778, 42.690804], [-78.9965561, 42.71640877083328], [-78.9965561, 42.000709], [-79.37966805, 42.000709]]], [[[-79.012439, 42.986559], [-79.072686, 43.260406], [-78.9965561, 43.27534727540343], [-78.9965561, 42.98020576266767], [-79.012439, 42.986559]]]]}, "properties": {"name": "New York Zone 2", "state": "New York", "code": "NE-002", "population": 1010062, "zips": 101}}, {"type": "Feature", "geometry": {"type": "Polygon", "coordinates": [[[-78.9965561, 42.000709], [-78.9965561, 42.71640877083328], [-78.853608, 42.783912], [-78.930285, 42.953697], [-78.9965561, 42.98020576266767], [-78.9965561, 43.27534727540343], [-78.61344415, 43.35053693354428], [-78.61344415, 42.000709], [-78.9965561, 42.000709]]]}, "properties": {"name": "New York Zone 3", "state": "New York", "code": "NE-003", "population": 1010062, "zips": 101}}, {"type": "Feature", "geometry": {"type": "Polygon", "coordinates": [[[-78.61344415, 42.000709], [-78.61344415, 43.35053693354428], [-78.486653, 43.375421], [-78.2303322, 43.3727228552022], [-78.2303322, 42.000709], [-78.61344415, 42.000709]]]}, "properties": {"name": "New York Zone 4", "state": "New York", "code": "NE-004", "population": 1010062, "zips": 101}}, {"type": "Feature", "geometry": {"type": "Polygon", "coordinates": [[[-78.2303322, 42.000709], [-78.2303322, 43.3727228552022], [-77.966344, 43.369944], [-77.84722025, 43.35427024411408], [-77.84722025, 42.000709], [-78.2303322, 42.000709]]]}, "properties": {"name": "New York Zone 5", "state": "New York", "code": "NE-005", "population": 1010062, "zips": 101}}, {"type": "Feature", "geometry": {"type": "Polygon", "coordinates": [[[-77.84722025, 42.000709], [-77.84722025, 43.35427024411408], [-77.75822, 43.34256], [-77.533665, 43.233021], [-77.4641083, 43.25442287366924], [-77.4641083, 42.000709], [-77.84722025, 42.000709]]]}, "properties": {"name": "New York Zone 6", "state": "New York", "code": "NE-006", "population": 1010062, "zips": 101}}, {"type": "Feature", "geometry": {"type": "Polygon", "coordinates": [[[-77.4641083, 42.000709], [-77.4641083, 43.25442287366924], [-77.391265, 43.276836], [-77.08099635, 43.272908503348795], [-77.08099635, 42.000709], [-77.4641083, 42.000709]]]}, "properties": {"name": "New York Zone 7", "state": "New York", "code": "NE-007", "population": 1010062, "zips": 101}}, {"type": "Feature", "geometry": {"type": "Polygon", "coordinates": [[[-77.08099635, 42.000709], [-77.08099635, 43.272908503348795], [-76.958587, 43.271359], [-76.6978844, 43.341966491318175], [-76.6978844, 42.000709], [-77.08099635, 42.000709]]]}, "properties": {"name": "New York Zone 8", "state": "New York", "code": "NE-008", "population": 1010062, "zips": 101}}, {"type": "Feature", "geometry": {"type": "MultiPolygon", "coordinates": [[[[-76.6978844, 42.000709], [-76.6978844, 43.341966491318175], [-76.695693, 43.34256], [-76.41637, 43.523299], [-76.31477245, 43.52637774770442], [-76.31477245, 42.000709], [-76.6978844, 42.000709]]], [[[-76.3616, 44.070993], [-76.31477245, 44.19066393333501], [-76.31477245, 44.04815019604439], [-76.3616, 44.070993]]]]}, "properties": {"name": "New York Zone 9", "state": "New York", "code": "NE-009", "population": 1010062, "zips": 101}}, {"type": "Feature", "geometry": {"type": "Polygon", "coordinates": [[[-76.31477245, 42.000709], [-76.31477245, 43.52637774770442], [-76.235631, 43.528776], [-76.230154, 43.802623], [-76.137046, 43.961454], [-76.31477245, 44.04815019604439], [-76.31477245, 44.19066393333501], [-76.312308, 44.196962], [-75.9316605, 44.35860749390096], [-75.9316605, 42.000709], [-76.31477245, 42.000709]]]}, "properties": {"name": "New York Zone 10", "state": "New York", "code": "NE-010", "population": 1010062, "zips": 101}}, {"type": "Feature", "geometry": {"type": "Polygon", "coordinates": [[[-75.9316605, 42.000709], [-75.9316605, 44.35860749390096], [-75.912491, 44.366748], [-75.764614, 44.514625], [-75.54854855, 44.66439740204669], [-75.54854855, 42.000709], [-75.9316605, 42.000709]]]}, "properties": {"name": "New York Zone 11", "state": "New York", "code": "NE-011", "population": 1010062, "zips": 101}}, {"type": "Feature", "geometry": {"type": "Polygon", "coordinates": [[[-75.173104, 41.869263], [-75.249781, 41.863786], [-75.35932, 42.000709], [-75.54854855, 42.000709], [-75.54854855, 44.66439740204669], [-75.282643, 44.848718], [-75.1654366, 44.89249385016696], [-75.1654366, 41.86194412107426], [-75.173104, 41.869263]]]}, "properties": {"name": "New York Zone 12", "state": "New York", "code": "NE-012", "population": 1010062, "zips": 101}}, {"type": "Feature", "geometry": {"type": "Polygon", "coordinates": [[[-74.89378, 41.436584], [-75.074519, 41.60637], [-75.052611, 41.754247], [-75.1654366, 41.86194412107426], [-75.1654366, 44.89249385016696], [-74.828057, 45.018503], [-74.78232465, 45.01665900196071], [-74.78232465, 41.43260412665728], [-74.89378, 41.436584]]]}, "properties": {"name": "New York Zone 13", "state": "New York", "code": "NE-013", "population": 1010062, "zips": 101}}, {"type": "Feature", "geometry": {"type": "Polygon", "coordinates": [[[-74.69661, 41.359907], [-74.740426, 41.431108], [-74.78232465, 41.43260412665728], [-74.78232465, 45.01665900196071], [-74.3992127, 45.00121134434794], [-74.3992127, 41.218289638264544], [-74.69661, 41.359907]]]}, "properties": {"name": "New York Zone 14", "state": "New York", "code": "NE-014", "population": 1010062, "zips": 101}}, {"type": "Feature", "geometry": {"type": "MultiPolygon", "coordinates": [[[[-74.022947, 40.708151], [-74.01610075, 40.72464420506169], [-74.01610075, 40.69531429101575], [-74.022947, 40.708151]]], [[[-74.236547, 41.14083], [-74.3992127, 41.218289638264544], [-74.3992127, 45.00121134434794], [-74.148916, 44.991119], [-74.01610075, 44.99473306080784], [-74.01610075, 41.04686883814911], [-74.236547, 41.14083]]]]}, "properties": {"name": "New York Zone 15", "state": "New York", "code": "NE-015", "population": 1010062, "zips": 101}}, {"type": "Feature", "geometry": {"type": "Polygon", "coordinates": [[[-73.727192, 41.102491], [-73.655992, 40.987475], [-73.6329888, 40.983051320118356], [-73.6329888, 40.58577716844195], [-73.776484, 40.593136], [-73.935316, 40.543843], [-74.01610075, 40.69531429101575], [-74.01610075, 40.72464420506169], [-73.902454, 40.998429], [-74.01610075, 41.04686883814911], [-74.01610075, 44.99473306080784], [-73.6329888, 45.005157992308625], [-73.6329888, 41.14435921629622], [-73.727192, 41.102491]]]}, "properties": {"name": "New York Zone 16", "state": "New York", "code": "NE-016", "population": 1010062, "zips": 101}}, {"type": "Feature", "geometry": {"type": "MultiPolygon", "coordinates": [[[[-73.332852, 44.804903], [-73.387622, 44.618687], [-73.294514, 44.437948], [-73.321898, 44.246255], [-73.436914, 44.043608], [-73.349283, 43.769761], [-73.404052, 43.687607], [-73.24987685, 43.528115398573334], [-73.24987685, 43.42552714175173], [-73.278083, 42.833204], [-73.267129, 42.745573], [-73.508114, 42.08834], [-73.486206, 42.050002], [-73.55193, 41.294184], [-73.48073, 41.21203], [-73.6329888, 41.14435921629622], [-73.6329888, 45.005157992308625], [-73.343806, 45.013027], [-73.332852, 44.804903]]], [[[-73.24987685, 40.909376152070685], [-73.24987685, 40.62462307283917], [-73.562884, 40.582182], [-73.6329888, 40.58577716844195], [-73.6329888, 40.983051320118356], [-73.24987685, 40.909376152070685]]]]}, "properties": {"name": "New York Zone 17", "state": "New York", "code": "NE-017", "population": 1010062, "zips": 101}}, {"type": "Feature", "geometry": {"type": "MultiPolygon", "coordinates": [[[[-73.245221, 43.523299], [-73.24987685, 43.42552714175173], [-73.24987685, 43.528115398573334], [-73.245221, 43.523299]]], [[[-73.22879, 40.905321], [-73.141159, 40.965568], [-72.8667649, 40.965568], [-72.8667649, 40.7318069409384], [-73.239744, 40.625997], [-73.24987685, 40.62462307283917], [-73.24987685, 40.909376152070685], [-73.22879, 40.905321]]]]}, "properties": {"name": "New York Zone 18", "state": "New York", "code": "NE-018", "population": 1010062, "zips": 101}}, {"type": "Feature", "geometry": {"type": "Polygon", "coordinates": [[[-72.774204, 40.965568], [-72.587988, 40.998429], [-72.48365295, 41.05246001536836], [-72.48365295, 40.84049145651125], [-72.8667649, 40.7318069409384], [-72.8667649, 40.965568], [-72.774204, 40.965568]]]}, "properties": {"name": "New York Zone 19", "state": "New York", "code": "NE-019", "population": 1010062, "zips": 101}}, {"type": "Feature", "geometry": {"type": "Polygon", "coordinates": [[[-72.28128, 41.157261], [-72.259372, 41.042245], [-72.100541, 40.992952], [-72.467496, 40.845075], [-72.48365295, 40.84049145651125], [-72.48365295, 41.05246001536836], [-72.28128, 41.157261]]]}, "properties": {"name": "New York Zone 20", "state": "New York", "code": "NE-020", "population": 1010062, "zips": 101}}, {"type": "Feature", "geometry": {"type": "Polygon", "coordinates": [[[-83.618546, 34.984749], [-84.319594, 34.990226], [-84.29221, 35.225734], [-84.09504, 35.247642], [-84.018363, 35.41195], [-83.7719, 35.559827], [-83.498053, 35.565304], [-83.4591667, 35.589500056740995], [-83.4591667, 34.98989032830403], [-83.618546, 34.984749]]]}, "properties": {"name": "North Carolina Zone 1", "state": "North Carolina", "code": "NO-001", "population": 1043938, "zips": 104}}, {"type": "Feature", "geometry": {"type": "Polygon", "coordinates": [[[-82.764143, 35.066903], [-83.109191, 35.00118], [-83.4591667, 34.98989032830403], [-83.4591667, 35.589500056740995], [-83.251591, 35.718659], [-82.994175, 35.773428], [-82.775097, 35.997983], [-82.638174, 36.063706], [-82.610789, 35.965121], [-82.5987394, 35.97097844274687], [-82.5987394, 35.13900224339326], [-82.764143, 35.066903]]]}, "properties": {"name": "North Carolina Zone 2", "state": "North Carolina", "code": "NO-002", "population": 1043938, "zips": 104}}, {"type": "Feature", "geometry": {"type": "Polygon", "coordinates": [[[-82.276696, 35.198349], [-82.550543, 35.160011], [-82.5987394, 35.13900224339326], [-82.5987394, 35.97097844274687], [-82.216449, 36.156814], [-82.03571, 36.118475], [-81.909741, 36.304691], [-81.7383121, 36.350069725607355], [-81.7383121, 35.176813853706854], [-82.276696, 35.198349]]]}, "properties": {"name": "North Carolina Zone 3", "state": "North Carolina", "code": "NO-003", "population": 1043938, "zips": 104}}, {"type": "Feature", "geometry": {"type": "Polygon", "coordinates": [[[-80.8778848, 36.55968934647029], [-80.8778848, 35.04217784183654], [-80.934845, 35.105241], [-81.038907, 35.044995], [-81.044384, 35.149057], [-81.7383121, 35.176813853706854], [-81.7383121, 36.350069725607355], [-81.723525, 36.353984], [-81.679709, 36.589492], [-80.978661, 36.562108], [-80.8778848, 36.55968934647029]]]}, "properties": {"name": "North Carolina Zone 4", "state": "North Carolina", "code": "NO-004", "population": 1043938, "zips": 104}}, {"type": "Feature", "geometry": {"type": "Polygon", "coordinates": [[[-80.294043, 36.545677], [-80.0174575, 36.54374281343829], [-80.0174575, 34.809019446222436], [-80.797922, 34.820441], [-80.781491, 34.935456], [-80.8778848, 35.04217784183654], [-80.8778848, 36.55968934647029], [-80.294043, 36.545677]]]}, "properties": {"name": "North Carolina Zone 5", "state": "North Carolina", "code": "NO-005", "population": 1043938, "zips": 104}}, {"type": "Feature", "geometry": {"type": "Polygon", "coordinates": [[[-79.510841, 36.5402], [-79.1570302, 36.54126410431795], [-79.1570302, 34.368489809535795], [-79.675149, 34.80401], [-80.0174575, 34.809019446222436], [-80.0174575, 36.54374281343829], [-79.510841, 36.5402]]]}, "properties": {"name": "North Carolina Zone 6", "state": "North Carolina", "code": "NO-006", "population": 1043938, "zips": 104}}, {"type": "Feature", "geometry": {"type": "Polygon", "coordinates": [[[-78.2966029, 36.54385188401607], [-78.2966029, 33.89553437892569], [-78.541422, 33.851022], [-79.1570302, 34.368489809535795], [-79.1570302, 36.54126410431795], [-78.2966029, 36.54385188401607]]]}, "properties": {"name": "North Carolina Zone 7", "state": "North Carolina", "code": "NO-007", "population": 1043938, "zips": 104}}, {"type": "Feature", "geometry": {"type": "Polygon", "coordinates": [[[-77.4361756, 36.54643966371419], [-77.4361756, 34.48147896578495], [-77.555573, 34.415147], [-77.82942, 34.163208], [-77.971821, 33.845545], [-78.179944, 33.916745], [-78.2966029, 33.89553437892569], [-78.2966029, 36.54385188401607], [-77.4361756, 36.54643966371419]]]}, "properties": {"name": "North Carolina Zone 8", "state": "North Carolina", "code": "NO-008", "population": 1043938, "zips": 104}}, {"type": "Feature", "geometry": {"type": "Polygon", "coordinates": [[[-76.5757483, 36.54902744341231], [-76.5757483, 36.01691158810091], [-76.68474, 36.008937], [-76.673786, 35.937736], [-76.5757483, 35.95538297932094], [-76.5757483, 34.67664576639021], [-76.673786, 34.694471], [-76.991448, 34.667086], [-77.210526, 34.60684], [-77.4361756, 34.48147896578495], [-77.4361756, 36.54643966371419], [-76.5757483, 36.54902744341231]]]}, "properties": {"name": "North Carolina Zone 9", "state": "North Carolina", "code": "NO-009", "population": 1043938, "zips": 104}}, {"type": "Feature", "geometry": {"type": "MultiPolygon", "coordinates": [[[[-75.868676, 36.551154], [-75.75366, 36.151337], [-76.032984, 36.189676], [-76.071322, 36.140383], [-76.410893, 36.080137], [-76.460185, 36.025367], [-76.5757483, 36.01691158810091], [-76.5757483, 36.54902744341231], [-75.868676, 36.551154]]], [[[-76.399939, 35.987029], [-76.3616, 35.943213], [-76.060368, 35.992506], [-75.961783, 35.899398], [-75.781044, 35.937736], [-75.715321, 35.696751], [-75.775568, 35.581735], [-75.89606, 35.570781], [-76.147999, 35.324319], [-76.482093, 35.313365], [-76.536862, 35.14358], [-76.394462, 34.973795], [-76.279446, 34.940933], [-76.493047, 34.661609], [-76.5757483, 34.67664576639021], [-76.5757483, 35.95538297932094], [-76.399939, 35.987029]]]]}, "properties": {"name": "North Carolina Zone 10", "state": "North Carolina", "code": "NO-010", "population": 1043938, "zips": 104}}, {"type": "Feature", "geometry": {"type": "Polygon", "coordinates": [[[-97.228743, 49.000239], [-97.097296, 48.682577], [-97.16302, 48.545653], [-97.130158, 48.140359], [-97.053481, 47.948667], [-96.856311, 47.609096], [-96.823449, 46.968294], [-96.785111, 46.924479], [-96.801542, 46.656109], [-96.719387, 46.437031], [-96.598895, 46.332969], [-96.560556, 45.933153], [-104.047534, 45.944106], [-104.042057, 47.861036], [-104.047534, 49.000239], [-97.228743, 49.000239]]]}, "properties": {"name": "North Dakota Territory", "state": "North Dakota", "code": "NO-001", "population": 779094, "zips": 77}}, {"type": "Feature", "geometry": {"type": "Polygon", "coordinates": [[[-84.817996, 39.103408], [-84.801565, 40.500028], [-84.807042, 41.694001], [-84.45971283333333, 41.70384418910328], [-84.45971283333333, 39.103408], [-84.817996, 39.103408]]]}, "properties": {"name": "Ohio Zone 1", "state": "Ohio", "code": "OH-001", "population": 983287, "zips": 98}}, {"type": "Feature", "geometry": {"type": "Polygon", "coordinates": [[[-84.215533, 38.807653], [-84.231963, 38.895284], [-84.43461, 39.103408], [-84.45971283333333, 39.103408], [-84.45971283333333, 41.70384418910328], [-84.10142966666666, 41.71399781079841], [-84.10142966666666, 38.79364054078231], [-84.215533, 38.807653]]]}, "properties": {"name": "Ohio Zone 2", "state": "Ohio", "code": "OH-002", "population": 983287, "zips": 98}}, {"type": "Feature", "geometry": {"type": "Polygon", "coordinates": [[[-83.903347, 38.769315], [-84.10142966666666, 38.79364054078231], [-84.10142966666666, 41.71399781079841], [-83.7431465, 41.72415143249355], [-83.7431465, 38.67163161168978], [-83.903347, 38.769315]]]}, "properties": {"name": "Ohio Zone 3", "state": "Ohio", "code": "OH-003", "population": 983287, "zips": 98}}, {"type": "Feature", "geometry": {"type": "Polygon", "coordinates": [[[-83.519961, 38.703591], [-83.678792, 38.632391], [-83.7431465, 38.67163161168978], [-83.7431465, 41.72415143249355], [-83.454238, 41.732339], [-83.38486333333333, 41.70791140600417], [-83.38486333333333, 38.67617994657973], [-83.519961, 38.703591]]]}, "properties": {"name": "Ohio Zone 4", "state": "Ohio", "code": "OH-004", "population": 983287, "zips": 98}}, {"type": "Feature", "geometry": {"type": "Polygon", "coordinates": [[[-83.032514, 38.725499], [-83.142052, 38.626914], [-83.38486333333333, 38.67617994657973], [-83.38486333333333, 41.70791140600417], [-83.065375, 41.595416], [-83.02658016666666, 41.571169155381924], [-83.02658016666666, 38.72686835576997], [-83.032514, 38.725499]]]}, "properties": {"name": "Ohio Zone 5", "state": "Ohio", "code": "OH-005", "population": 983287, "zips": 98}}, {"type": "Feature", "geometry": {"type": "Polygon", "coordinates": [[[-82.731282, 38.561191], [-82.846298, 38.588575], [-82.890113, 38.758361], [-83.02658016666666, 38.72686835576997], [-83.02658016666666, 41.571169155381924], [-82.933929, 41.513262], [-82.835344, 41.589939], [-82.668297, 41.468830344375064], [-82.668297, 38.498206], [-82.731282, 38.561191]]]}, "properties": {"name": "Ohio Zone 6", "state": "Ohio", "code": "OH-006", "population": 983287, "zips": 98}}, {"type": "Feature", "geometry": {"type": "Polygon", "coordinates": [[[-82.331465, 38.446175], [-82.594358, 38.424267], [-82.668297, 38.498206], [-82.668297, 41.468830344375064], [-82.616266, 41.431108], [-82.479343, 41.381815], [-82.31001383333333, 41.42962573800497], [-82.31001383333333, 38.51972321599544], [-82.331465, 38.446175]]]}, "properties": {"name": "Ohio Zone 7", "state": "Ohio", "code": "OH-007", "population": 983287, "zips": 98}}, {"type": "Feature", "geometry": {"type": "Polygon", "coordinates": [[[-82.03571, 39.026731], [-82.221926, 38.785745], [-82.172634, 38.632391], [-82.293127, 38.577622], [-82.31001383333333, 38.51972321599544], [-82.31001383333333, 41.42962573800497], [-82.013803, 41.513262], [-81.95173066666666, 41.50705469866629], [-81.95173066666666, 38.93964071102109], [-82.03571, 39.026731]]]}, "properties": {"name": "Ohio Zone 8", "state": "Ohio", "code": "OH-008", "population": 983287, "zips": 98}}, {"type": "Feature", "geometry": {"type": "Polygon", "coordinates": [[[-81.685186, 39.273193], [-81.811156, 39.0815], [-81.783771, 38.966484], [-81.887833, 38.873376], [-81.95173066666666, 38.93964071102109], [-81.95173066666666, 41.50705469866629], [-81.739956, 41.485877], [-81.5934475, 41.57812303755136], [-81.5934475, 39.26882446201833], [-81.685186, 39.273193]]]}, "properties": {"name": "Ohio Zone 9", "state": "Ohio", "code": "OH-009", "population": 983287, "zips": 98}}, {"type": "Feature", "geometry": {"type": "Polygon", "coordinates": [[[-81.345616, 39.344393], [-81.455155, 39.410117], [-81.57017, 39.267716], [-81.5934475, 39.26882446201833], [-81.5934475, 41.57812303755136], [-81.444201, 41.672093], [-81.23516433333333, 41.75941215673241], [-81.23516433333333, 39.38281127599164], [-81.345616, 39.344393]]]}, "properties": {"name": "Ohio Zone 10", "state": "Ohio", "code": "OH-010", "population": 983287, "zips": 98}}, {"type": "Feature", "geometry": {"type": "Polygon", "coordinates": [[[-81.219646, 39.388209], [-81.23516433333333, 39.38281127599164], [-81.23516433333333, 41.75941215673241], [-81.011523, 41.852832], [-80.87688116666666, 41.887240544393165], [-80.87688116666666, 39.673041152913754], [-81.219646, 39.388209]]]}, "properties": {"name": "Ohio Zone 11", "state": "Ohio", "code": "OH-011", "population": 983287, "zips": 98}}, {"type": "Feature", "geometry": {"type": "Polygon", "coordinates": [[[-80.518598, 40.636951], [-80.666475, 40.582182], [-80.595275, 40.472643], [-80.600752, 40.319289], [-80.737675, 40.078303], [-80.830783, 39.711348], [-80.87688116666666, 39.673041152913754], [-80.87688116666666, 41.887240544393165], [-80.518598, 41.978802], [-80.518598, 40.636951]]]}, "properties": {"name": "Ohio Zone 12", "state": "Ohio", "code": "OH-012", "population": 983287, "zips": 98}}, {"type": "Feature", "geometry": {"type": "Polygon", "coordinates": [[[-101.812942, 36.501861], [-103.001438, 36.501861], [-103.001438, 37.000263], [-102.042974, 36.994786], [-100.85858499999999, 36.99810365187841], [-100.85858499999999, 36.501861], [-101.812942, 36.501861]]]}, "properties": {"name": "Oklahoma Zone 1", "state": "Oklahoma", "code": "OK-001", "population": 989838, "zips": 98}}, {"type": "Feature", "geometry": {"type": "Polygon", "coordinates": [[[-98.715732, 37.000263], [-98.715732, 34.138713640432115], [-98.767763, 34.135823], [-98.986841, 34.223454], [-99.189488, 34.2125], [-99.260688, 34.404193], [-99.57835, 34.415147], [-99.698843, 34.382285], [-99.923398, 34.573978], [-100.000075, 34.563024], [-100.000075, 36.501861], [-100.85858499999999, 36.501861], [-100.85858499999999, 36.99810365187841], [-100.087706, 37.000263], [-98.715732, 37.000263]]]}, "properties": {"name": "Oklahoma Zone 2", "state": "Oklahoma", "code": "OK-002", "population": 989838, "zips": 98}}, {"type": "Feature", "geometry": {"type": "Polygon", "coordinates": [[[-96.572879, 37.000263], [-96.572879, 33.825402860976446], [-96.631756, 33.845545], [-96.850834, 33.845545], [-96.922034, 33.960561], [-97.173974, 33.736006], [-97.256128, 33.861976], [-97.371143, 33.823637], [-97.458774, 33.905791], [-97.694283, 33.982469], [-97.869545, 33.851022], [-97.946222, 33.987946], [-98.088623, 34.004376], [-98.170777, 34.113915], [-98.36247, 34.157731], [-98.488439, 34.064623], [-98.570593, 34.146777], [-98.715732, 34.138713640432115], [-98.715732, 37.000263], [-96.572879, 37.000263]]]}, "properties": {"name": "Oklahoma Zone 3", "state": "Oklahoma", "code": "OK-003", "population": 989838, "zips": 98}}, {"type": "Feature", "geometry": {"type": "Polygon", "coordinates": [[[-94.616242, 37.000263], [-94.616242, 36.501861], [-94.430026, 35.395519], [-94.484796, 33.637421], [-94.868182, 33.74696], [-94.966767, 33.861976], [-95.224183, 33.960561], [-95.289906, 33.87293], [-95.547322, 33.878407], [-95.602092, 33.933176], [-95.8376, 33.834591], [-95.936185, 33.889361], [-96.149786, 33.840068], [-96.346956, 33.686714], [-96.423633, 33.774345], [-96.572879, 33.825402860976446], [-96.572879, 37.000263], [-94.616242, 37.000263]]]}, "properties": {"name": "Oklahoma Zone 4", "state": "Oklahoma", "code": "OK-004", "population": 989838, "zips": 98}}, {"type": "Feature", "geometry": {"type": "Polygon", "coordinates": [[[-123.11824, 46.185092], [-122.904639, 46.08103], [-122.811531, 45.960537], [-122.762239, 45.659305], [-122.53083799999999, 45.61007106982861], [-122.53083799999999, 42.010688726916925], [-123.233256, 42.006186], [-124.213628, 42.000709], [-124.356029, 42.115725], [-124.432706, 42.438865], [-124.416275, 42.663419], [-124.553198, 42.838681], [-124.454613, 43.002989], [-124.383413, 43.271359], [-124.235536, 43.55616], [-124.169813, 43.8081], [-124.060274, 44.657025], [-124.076705, 44.772041], [-123.97812, 45.144473], [-123.939781, 45.659305], [-123.994551, 45.944106], [-123.945258, 46.113892], [-123.545441, 46.261769], [-123.370179, 46.146753], [-123.211348, 46.174138], [-123.11824, 46.185092]]]}, "properties": {"name": "Oregon Zone 1", "state": "Oregon", "code": "OR-001", "population": 1059314, "zips": 105}}, {"type": "Feature", "geometry": {"type": "Polygon", "coordinates": [[[-122.247407, 45.549767], [-121.809251, 45.708598], [-121.535404, 45.725029], [-121.217742, 45.670259], [-121.18488, 45.604536], [-120.637186, 45.746937], [-120.508478, 45.69867113281398], [-120.508478, 41.995232], [-121.037003, 41.995232], [-122.378853, 42.011663], [-122.53083799999999, 42.010688726916925], [-122.53083799999999, 45.61007106982861], [-122.247407, 45.549767]]]}, "properties": {"name": "Oregon Zone 2", "state": "Oregon", "code": "OR-002", "population": 1059314, "zips": 105}}, {"type": "Feature", "geometry": {"type": "Polygon", "coordinates": [[[-120.505739, 45.697644], [-120.209985, 45.725029], [-119.963522, 45.823614], [-119.525367, 45.911245], [-119.125551, 45.933153], [-118.988627, 45.998876], [-118.486118, 45.99754659634215], [-118.486118, 41.99114669368446], [-118.698349, 41.989755], [-120.001861, 41.995232], [-120.508478, 41.995232], [-120.508478, 45.69867113281398], [-120.505739, 45.697644]]]}, "properties": {"name": "Oregon Zone 3", "state": "Oregon", "code": "OR-003", "population": 1059314, "zips": 105}}, {"type": "Feature", "geometry": {"type": "Polygon", "coordinates": [[[-116.918344, 45.993399], [-116.78142, 45.823614], [-116.545912, 45.752413], [-116.463758, 45.61549], [-116.671881, 45.319735], [-116.732128, 45.144473], [-116.847143, 45.02398], [-116.830713, 44.930872], [-116.934774, 44.782995], [-117.038836, 44.750133], [-117.241483, 44.394132], [-117.170283, 44.257209], [-116.97859, 44.240778], [-116.896436, 44.158624], [-117.027882, 43.830007], [-117.027882, 42.000709], [-118.486118, 41.99114669368446], [-118.486118, 45.99754659634215], [-116.918344, 45.993399]]]}, "properties": {"name": "Oregon Zone 4", "state": "Oregon", "code": "OR-004", "population": 1059314, "zips": 105}}, {"type": "Feature", "geometry": {"type": "Polygon", "coordinates": [[[-80.518598, 39.722302], [-80.518598, 40.636951], [-80.518598, 41.978802], [-80.332382, 42.033571], [-80.07075276923077, 42.14174438576761], [-80.07075276923077, 39.722302], [-80.518598, 39.722302]]]}, "properties": {"name": "Pennsylvania Zone 1", "state": "Pennsylvania", "code": "PE-001", "population": 1000207, "zips": 100}}, {"type": "Feature", "geometry": {"type": "Polygon", "coordinates": [[[-79.76278, 42.000709], [-79.62290753846153, 42.000709], [-79.62290753846153, 39.722302], [-80.07075276923077, 39.722302], [-80.07075276923077, 42.14174438576761], [-79.76278, 42.269079], [-79.76278, 42.252649], [-79.76278, 42.000709]]]}, "properties": {"name": "Pennsylvania Zone 2", "state": "Pennsylvania", "code": "PE-002", "population": 1000207, "zips": 100}}, {"type": "Feature", "geometry": {"type": "Polygon", "coordinates": [[[-79.1750623076923, 42.000709], [-79.1750623076923, 39.722302], [-79.477979, 39.722302], [-79.62290753846153, 39.722302], [-79.62290753846153, 42.000709], [-79.1750623076923, 42.000709]]]}, "properties": {"name": "Pennsylvania Zone 3", "state": "Pennsylvania", "code": "PE-003", "population": 1000207, "zips": 100}}, {"type": "Feature", "geometry": {"type": "Polygon", "coordinates": [[[-78.72721707692308, 42.000709], [-78.72721707692308, 39.722302], [-79.1750623076923, 39.722302], [-79.1750623076923, 42.000709], [-78.72721707692308, 42.000709]]]}, "properties": {"name": "Pennsylvania Zone 4", "state": "Pennsylvania", "code": "PE-004", "population": 1000207, "zips": 100}}, {"type": "Feature", "geometry": {"type": "Polygon", "coordinates": [[[-78.27937184615385, 42.000709], [-78.27937184615385, 39.722302], [-78.72721707692308, 39.722302], [-78.72721707692308, 42.000709], [-78.27937184615385, 42.000709]]]}, "properties": {"name": "Pennsylvania Zone 5", "state": "Pennsylvania", "code": "PE-005", "population": 1000207, "zips": 100}}, {"type": "Feature", "geometry": {"type": "Polygon", "coordinates": [[[-77.83152661538462, 42.000709], [-77.83152661538462, 39.722302], [-78.27937184615385, 39.722302], [-78.27937184615385, 42.000709], [-77.83152661538462, 42.000709]]]}, "properties": {"name": "Pennsylvania Zone 6", "state": "Pennsylvania", "code": "PE-006", "population": 1000207, "zips": 100}}, {"type": "Feature", "geometry": {"type": "Polygon", "coordinates": [[[-77.38368138461539, 42.000709], [-77.38368138461539, 39.722302], [-77.83152661538462, 39.722302], [-77.83152661538462, 42.000709], [-77.38368138461539, 42.000709]]]}, "properties": {"name": "Pennsylvania Zone 7", "state": "Pennsylvania", "code": "PE-007", "population": 1000207, "zips": 100}}, {"type": "Feature", "geometry": {"type": "Polygon", "coordinates": [[[-76.93583615384615, 42.000709], [-76.93583615384615, 39.722302], [-77.38368138461539, 39.722302], [-77.38368138461539, 42.000709], [-76.93583615384615, 42.000709]]]}, "properties": {"name": "Pennsylvania Zone 8", "state": "Pennsylvania", "code": "PE-008", "population": 1000207, "zips": 100}}, {"type": "Feature", "geometry": {"type": "Polygon", "coordinates": [[[-76.48799092307692, 42.000709], [-76.48799092307692, 39.722302], [-76.93583615384615, 39.722302], [-76.93583615384615, 42.000709], [-76.48799092307692, 42.000709]]]}, "properties": {"name": "Pennsylvania Zone 9", "state": "Pennsylvania", "code": "PE-009", "population": 1000207, "zips": 100}}, {"type": "Feature", "geometry": {"type": "Polygon", "coordinates": [[[-76.0401456923077, 42.000709], [-76.0401456923077, 39.722302], [-76.48799092307692, 39.722302], [-76.48799092307692, 42.000709], [-76.0401456923077, 42.000709]]]}, "properties": {"name": "Pennsylvania Zone 10", "state": "Pennsylvania", "code": "PE-010", "population": 1000207, "zips": 100}}, {"type": "Feature", "geometry": {"type": "Polygon", "coordinates": [[[-75.59230046153847, 42.000709], [-75.59230046153847, 39.82853886761823], [-75.616736, 39.831841], [-75.786521, 39.722302], [-76.0401456923077, 39.722302], [-76.0401456923077, 42.000709], [-75.59230046153847, 42.000709]]]}, "properties": {"name": "Pennsylvania Zone 11", "state": "Pennsylvania", "code": "PE-011", "population": 1000207, "zips": 100}}, {"type": "Feature", "geometry": {"type": "Polygon", "coordinates": [[[-75.35932, 42.000709], [-75.249781, 41.863786], [-75.173104, 41.869263], [-75.14445523076924, 41.84191645835986], [-75.14445523076924, 40.762018678177576], [-75.205966, 40.691721], [-75.195012, 40.576705], [-75.14445523076924, 40.563516172894644], [-75.14445523076924, 39.89250794869606], [-75.145719, 39.88661], [-75.414089, 39.804456], [-75.59230046153847, 39.82853886761823], [-75.59230046153847, 42.000709], [-75.35932, 42.000709]]]}, "properties": {"name": "Pennsylvania Zone 12", "state": "Pennsylvania", "code": "PE-012", "population": 1000207, "zips": 100}}, {"type": "Feature", "geometry": {"type": "MultiPolygon", "coordinates": [[[[-75.052611, 41.754247], [-75.074519, 41.60637], [-74.89378, 41.436584], [-74.740426, 41.431108], [-74.69661, 41.359907], [-74.828057, 41.288707], [-74.882826, 41.179168], [-75.134765, 40.971045], [-75.052611, 40.866983], [-75.14445523076924, 40.762018678177576], [-75.14445523076924, 41.84191645835986], [-75.052611, 41.754247]]], [[[-75.069042, 40.543843], [-75.058088, 40.417874], [-74.773287, 40.215227], [-74.82258, 40.127596], [-75.129289, 39.963288], [-75.14445523076924, 39.89250794869606], [-75.14445523076924, 40.563516172894644], [-75.069042, 40.543843]]]]}, "properties": {"name": "Pennsylvania Zone 13", "state": "Pennsylvania", "code": "PE-013", "population": 1000207, "zips": 100}}, {"type": "Feature", "geometry": {"type": "MultiPolygon", "coordinates": [[[[-71.196845, 41.67757], [-71.120168, 41.496831], [-71.317338, 41.474923], [-71.196845, 41.67757]]], [[[-71.530939, 42.01714], [-71.383061, 42.01714], [-71.328292, 41.781632], [-71.22423, 41.710431], [-71.344723, 41.726862], [-71.448785, 41.578985], [-71.481646, 41.370861], [-71.859555, 41.321569], [-71.799309, 41.414677], [-71.799309, 42.006186], [-71.530939, 42.01714]]]]}, "properties": {"name": "Rhode Island Territory", "state": "Rhode Island", "code": "RH-001", "population": 1097379, "zips": 109}}, {"type": "Feature", "geometry": {"type": "Polygon", "coordinates": [[[-82.550543, 35.160011], [-82.37966200000001, 35.183933978079], [-82.37966200000001, 33.84755292698408], [-82.55602, 33.94413], [-82.714851, 34.152254], [-82.747713, 34.26727], [-82.901067, 34.486347], [-83.005129, 34.469916], [-83.339222, 34.683517], [-83.322791, 34.787579], [-83.109191, 35.00118], [-82.764143, 35.066903], [-82.550543, 35.160011]]]}, "properties": {"name": "South Carolina Zone 1", "state": "South Carolina", "code": "SO-001", "population": 1023685, "zips": 102}}, {"type": "Feature", "geometry": {"type": "Polygon", "coordinates": [[[-82.276696, 35.198349], [-81.420102, 35.16408557365342], [-81.420102, 32.69374040003658], [-81.42777, 32.843265], [-81.493493, 33.007573], [-81.761863, 33.160928], [-81.937125, 33.347144], [-81.926172, 33.462159], [-82.194542, 33.631944], [-82.325988, 33.81816], [-82.37966200000001, 33.84755292698408], [-82.37966200000001, 35.183933978079], [-82.276696, 35.198349]]]}, "properties": {"name": "South Carolina Zone 2", "state": "South Carolina", "code": "SO-002", "population": 1023685, "zips": 102}}, {"type": "Feature", "geometry": {"type": "Polygon", "coordinates": [[[-81.044384, 35.149057], [-81.038907, 35.044995], [-80.934845, 35.105241], [-80.781491, 34.935456], [-80.797922, 34.820441], [-80.460542, 34.81550367893866], [-80.460542, 32.32540654584548], [-80.660998, 32.246279], [-80.885553, 32.032678], [-81.115584, 32.120309], [-81.121061, 32.290094], [-81.279893, 32.558464], [-81.416816, 32.629664], [-81.420102, 32.69374040003658], [-81.420102, 35.16408557365342], [-81.044384, 35.149057]]]}, "properties": {"name": "South Carolina Zone 3", "state": "South Carolina", "code": "SO-003", "population": 1023685, "zips": 102}}, {"type": "Feature", "geometry": {"type": "Polygon", "coordinates": [[[-79.675149, 34.80401], [-79.500982, 34.65760874026462], [-79.500982, 33.007573], [-79.582041, 33.007573], [-79.631334, 32.887081], [-79.866842, 32.755634], [-79.998289, 32.613234], [-80.206412, 32.552987], [-80.430967, 32.399633], [-80.452875, 32.328433], [-80.460542, 32.32540654584548], [-80.460542, 34.81550367893866], [-79.675149, 34.80401]]]}, "properties": {"name": "South Carolina Zone 4", "state": "South Carolina", "code": "SO-004", "population": 1023685, "zips": 102}}, {"type": "Feature", "geometry": {"type": "Polygon", "coordinates": [[[-78.541422, 33.851022], [-78.716684, 33.80173], [-78.935762, 33.637421], [-79.149363, 33.380005], [-79.187701, 33.171881], [-79.357487, 33.007573], [-79.500982, 33.007573], [-79.500982, 34.65760874026462], [-78.541422, 33.851022]]]}, "properties": {"name": "South Carolina Zone 5", "state": "South Carolina", "code": "SO-005", "population": 1023685, "zips": 102}}, {"type": "Feature", "geometry": {"type": "Polygon", "coordinates": [[[-104.047534, 45.944106], [-96.560556, 45.933153], [-96.582464, 45.818137], [-96.856311, 45.604536], [-96.681049, 45.412843], [-96.451017, 45.297827], [-96.451017, 43.501391], [-96.582464, 43.479483], [-96.527695, 43.397329], [-96.560556, 43.222067], [-96.434587, 43.123482], [-96.511264, 43.052282], [-96.544125, 42.855112], [-96.631756, 42.707235], [-96.44554, 42.488157], [-96.626279, 42.515542], [-96.692003, 42.657942], [-97.217789, 42.844158], [-97.688806, 42.844158], [-97.831206, 42.866066], [-97.951699, 42.767481], [-98.466531, 42.94822], [-98.499393, 42.997512], [-101.626726, 42.997512], [-103.324578, 43.002989], [-104.053011, 43.002989], [-104.058488, 44.996596], [-104.042057, 44.996596], [-104.047534, 45.944106]]]}, "properties": {"name": "South Dakota Territory", "state": "South Dakota", "code": "SO-001", "population": 886667, "zips": 88}}, {"type": "Feature", "geometry": {"type": "Polygon", "coordinates": [[[-90.311367, 34.995703], [-90.212782, 35.023087], [-90.114197, 35.198349], [-90.130628, 35.439335], [-89.944412, 35.603643], [-89.911551, 35.756997], [-89.763673, 35.811767], [-89.730812, 35.997983], [-89.533642, 36.249922], [-89.539119, 36.496384], [-89.484349, 36.496384], [-89.418626, 36.496384], [-89.298133, 36.507338], [-89.07827300000001, 36.50540088567602], [-89.07827300000001, 34.995703], [-90.311367, 34.995703]]]}, "properties": {"name": "Tennessee Zone 1", "state": "Tennessee", "code": "TE-001", "population": 987262, "zips": 98}}, {"type": "Feature", "geometry": {"type": "Polygon", "coordinates": [[[-88.071299, 36.677123], [-87.852221, 36.633308], [-87.845179, 36.63343047092632], [-87.845179, 34.99802488191817], [-88.202745, 34.995703], [-88.471115, 34.995703], [-89.07827300000001, 34.995703], [-89.07827300000001, 36.50540088567602], [-88.054868, 36.496384], [-88.071299, 36.677123]]]}, "properties": {"name": "Tennessee Zone 2", "state": "Tennessee", "code": "TE-002", "population": 987262, "zips": 98}}, {"type": "Feature", "geometry": {"type": "Polygon", "coordinates": [[[-86.61208500000001, 36.65487582230634], [-86.61208500000001, 34.99417482093333], [-87.359296, 35.00118], [-87.845179, 34.99802488191817], [-87.845179, 36.63343047092632], [-86.61208500000001, 36.65487582230634]]]}, "properties": {"name": "Tennessee Zone 3", "state": "Tennessee", "code": "TE-003", "population": 987262, "zips": 98}}, {"type": "Feature", "geometry": {"type": "Polygon", "coordinates": [[[-86.592525, 36.655216], [-85.486183, 36.616877], [-85.378991, 36.62283217151697], [-85.378991, 34.9857178786238], [-85.606675, 34.984749], [-86.61208500000001, 34.99417482093333], [-86.61208500000001, 36.65487582230634], [-86.592525, 36.655216]]]}, "properties": {"name": "Tennessee Zone 4", "state": "Tennessee", "code": "TE-004", "population": 987262, "zips": 98}}, {"type": "Feature", "geometry": {"type": "Polygon", "coordinates": [[[-85.289013, 36.627831], [-84.544149, 36.594969], [-84.145897, 36.58986315134544], [-84.145897, 35.24199116490338], [-84.29221, 35.225734], [-84.319594, 34.990226], [-85.378991, 34.9857178786238], [-85.378991, 36.62283217151697], [-85.289013, 36.627831]]]}, "properties": {"name": "Tennessee Zone 5", "state": "Tennessee", "code": "TE-005", "population": 987262, "zips": 98}}, {"type": "Feature", "geometry": {"type": "Polygon", "coordinates": [[[-83.689746, 36.584015], [-83.673316, 36.600446], [-82.912803, 36.596267313126404], [-82.912803, 35.85683431857147], [-82.994175, 35.773428], [-83.251591, 35.718659], [-83.498053, 35.565304], [-83.7719, 35.559827], [-84.018363, 35.41195], [-84.09504, 35.247642], [-84.145897, 35.24199116490338], [-84.145897, 36.58986315134544], [-83.689746, 36.584015]]]}, "properties": {"name": "Tennessee Zone 6", "state": "Tennessee", "code": "TE-006", "population": 987262, "zips": 98}}, {"type": "Feature", "geometry": {"type": "Polygon", "coordinates": [[[-81.679709, 36.589492], [-81.723525, 36.353984], [-81.909741, 36.304691], [-82.03571, 36.118475], [-82.216449, 36.156814], [-82.610789, 35.965121], [-82.638174, 36.063706], [-82.775097, 35.997983], [-82.912803, 35.85683431857147], [-82.912803, 36.596267313126404], [-81.679709, 36.589492]]]}, "properties": {"name": "Tennessee Zone 7", "state": "Tennessee", "code": "TE-007", "population": 987262, "zips": 98}}, {"type": "Feature", "geometry": {"type": "Polygon", "coordinates": [[[-106.205448, 31.468553], [-106.38071, 31.731446], [-106.528588, 31.786216], [-106.643603, 31.901231], [-106.616219, 31.999816], [-106.19128327586206, 31.999816], [-106.19128327586206, 31.46270233962887], [-106.205448, 31.468553]]]}, "properties": {"name": "Texas Zone 1", "state": "Texas", "code": "TE-001", "population": 1005017, "zips": 100}}, {"type": "Feature", "geometry": {"type": "Polygon", "coordinates": [[[-105.77277, 31.167321], [-105.953509, 31.364491], [-106.19128327586206, 31.46270233962887], [-106.19128327586206, 31.999816], [-105.73896355172414, 31.999816], [-105.73896355172414, 31.150963047579854], [-105.77277, 31.167321]]]}, "properties": {"name": "Texas Zone 2", "state": "Texas", "code": "TE-002", "population": 1005017, "zips": 100}}, {"type": "Feature", "geometry": {"type": "Polygon", "coordinates": [[[-105.394861, 30.855136], [-105.602985, 31.085167], [-105.73896355172414, 31.150963047579854], [-105.73896355172414, 31.999816], [-105.2866438275862, 31.999816], [-105.2866438275862, 30.80788631921711], [-105.394861, 30.855136]]]}, "properties": {"name": "Texas Zone 3", "state": "Texas", "code": "TE-003", "population": 1005017, "zips": 100}}, {"type": "Feature", "geometry": {"type": "Polygon", "coordinates": [[[-104.858121, 30.389596], [-104.896459, 30.570335], [-105.005998, 30.685351], [-105.2866438275862, 30.80788631921711], [-105.2866438275862, 31.999816], [-104.83432410344828, 31.999816], [-104.83432410344828, 30.360425547380927], [-104.858121, 30.389596]]]}, "properties": {"name": "Texas Zone 4", "state": "Texas", "code": "TE-004", "population": 1005017, "zips": 100}}, {"type": "Feature", "geometry": {"type": "Polygon", "coordinates": [[[-104.507597, 29.639255], [-104.677382, 29.924056], [-104.688336, 30.181472], [-104.83432410344828, 30.360425547380927], [-104.83432410344828, 31.999816], [-104.38200437931035, 31.999816], [-104.38200437931035, 29.573604288223066], [-104.507597, 29.639255]]]}, "properties": {"name": "Texas Zone 5", "state": "Texas", "code": "TE-005", "population": 1005017, "zips": 100}}, {"type": "Feature", "geometry": {"type": "Polygon", "coordinates": [[[-104.146119, 29.381839], [-104.266611, 29.513285], [-104.38200437931035, 29.573604288223066], [-104.38200437931035, 31.999816], [-103.92968465517241, 31.999816], [-103.92968465517241, 29.2956481955352], [-104.146119, 29.381839]]]}, "properties": {"name": "Texas Zone 6", "state": "Texas", "code": "TE-006", "population": 1005017, "zips": 100}}, {"type": "Feature", "geometry": {"type": "Polygon", "coordinates": [[[-103.527224, 29.135376], [-103.92968465517241, 29.2956481955352], [-103.92968465517241, 31.999816], [-103.47736493103449, 31.999816], [-103.47736493103449, 29.104352606283577], [-103.527224, 29.135376]]]}, "properties": {"name": "Texas Zone 7", "state": "Texas", "code": "TE-007", "population": 1005017, "zips": 100}}, {"type": "Feature", "geometry": {"type": "Polygon", "coordinates": [[[-103.116454, 28.987499], [-103.280762, 28.982022], [-103.47736493103449, 29.104352606283577], [-103.47736493103449, 31.999816], [-103.067161, 31.999816], [-103.067161, 33.002096], [-103.045254, 34.01533], [-103.039777, 36.501861], [-103.02504520689655, 36.501861], [-103.02504520689655, 29.119127288219794], [-103.116454, 28.987499]]]}, "properties": {"name": "Texas Zone 8", "state": "Texas", "code": "TE-008", "population": 1005017, "zips": 100}}, {"type": "Feature", "geometry": {"type": "Polygon", "coordinates": [[[-102.629006, 29.732363], [-102.809745, 29.524239], [-102.919284, 29.190146], [-102.97953, 29.184669], [-103.02504520689655, 29.119127288219794], [-103.02504520689655, 36.501861], [-103.001438, 36.501861], [-102.57272548275861, 36.501861], [-102.57272548275861, 29.740037711528046], [-102.629006, 29.732363]]]}, "properties": {"name": "Texas Zone 9", "state": "Texas", "code": "TE-009", "population": 1005017, "zips": 100}}, {"type": "Feature", "geometry": {"type": "Polygon", "coordinates": [[[-102.338728, 29.869286], [-102.388021, 29.765225], [-102.57272548275861, 29.740037711528046], [-102.57272548275861, 36.501861], [-102.12040575862069, 36.501861], [-102.12040575862069, 29.794736918254664], [-102.338728, 29.869286]]]}, "properties": {"name": "Texas Zone 10", "state": "Texas", "code": "TE-010", "population": 1005017, "zips": 100}}, {"type": "Feature", "geometry": {"type": "Polygon", "coordinates": [[[-101.66808603448276, 36.501861], [-101.66808603448276, 29.78295379633675], [-101.851281, 29.803563], [-102.114174, 29.792609], [-102.12040575862069, 29.794736918254664], [-102.12040575862069, 36.501861], [-101.812942, 36.501861], [-101.66808603448276, 36.501861]]]}, "properties": {"name": "Texas Zone 11", "state": "Texas", "code": "TE-011", "population": 1005017, "zips": 100}}, {"type": "Feature", "geometry": {"type": "Polygon", "coordinates": [[[-101.21576631034483, 36.501861], [-101.21576631034483, 29.518080114729983], [-101.259771, 29.535193], [-101.413125, 29.754271], [-101.66808603448276, 29.78295379633675], [-101.66808603448276, 36.501861], [-101.21576631034483, 36.501861]]]}, "properties": {"name": "Texas Zone 12", "state": "Texas", "code": "TE-012", "population": 1005017, "zips": 100}}, {"type": "Feature", "geometry": {"type": "Polygon", "coordinates": [[[-100.7634465862069, 36.501861], [-100.7634465862069, 29.203924086892613], [-100.799708, 29.244915], [-101.013309, 29.370885], [-101.062601, 29.458516], [-101.21576631034483, 29.518080114729983], [-101.21576631034483, 36.501861], [-100.7634465862069, 36.501861]]]}, "properties": {"name": "Texas Zone 13", "state": "Texas", "code": "TE-013", "population": 1005017, "zips": 100}}, {"type": "Feature", "geometry": {"type": "Polygon", "coordinates": [[[-100.31112686206896, 36.501861], [-100.31112686206896, 28.32525465325046], [-100.399891, 28.582205], [-100.498476, 28.66436], [-100.629923, 28.905345], [-100.673738, 29.102515], [-100.7634465862069, 29.203924086892613], [-100.7634465862069, 36.501861], [-100.31112686206896, 36.501861]]]}, "properties": {"name": "Texas Zone 14", "state": "Texas", "code": "TE-014", "population": 1005017, "zips": 100}}, {"type": "Feature", "geometry": {"type": "Polygon", "coordinates": [[[-100.000075, 36.501861], [-100.000075, 34.563024], [-99.923398, 34.573978], [-99.85880713793104, 34.51883954339655], [-99.85880713793104, 27.78157896160662], [-99.879582, 27.799003], [-99.934351, 27.979742], [-100.082229, 28.14405], [-100.29583, 28.280974], [-100.31112686206896, 28.32525465325046], [-100.31112686206896, 36.501861], [-100.000075, 36.501861]]]}, "properties": {"name": "Texas Zone 15", "state": "Texas", "code": "TE-015", "population": 1005017, "zips": 100}}, {"type": "Feature", "geometry": {"type": "Polygon", "coordinates": [[[-99.698843, 34.382285], [-99.57835, 34.415147], [-99.4064874137931, 34.40922062929997], [-99.4064874137931, 26.9808604137931], [-99.446904, 27.021277], [-99.424996, 27.174632], [-99.50715, 27.33894], [-99.479765, 27.48134], [-99.605735, 27.640172], [-99.709797, 27.656603], [-99.85880713793104, 27.78157896160662], [-99.85880713793104, 34.51883954339655], [-99.698843, 34.382285]]]}, "properties": {"name": "Texas Zone 16", "state": "Texas", "code": "TE-016", "population": 1005017, "zips": 100}}, {"type": "Feature", "geometry": {"type": "Polygon", "coordinates": [[[-99.260688, 34.404193], [-99.189488, 34.2125], [-98.986841, 34.223454], [-98.95416768965516, 34.21038470569008], [-98.95416768965516, 26.39723433322238], [-99.030656, 26.413337], [-99.173057, 26.539307], [-99.266165, 26.840538], [-99.4064874137931, 26.9808604137931], [-99.4064874137931, 34.40922062929997], [-99.260688, 34.404193]]]}, "properties": {"name": "Texas Zone 17", "state": "Texas", "code": "TE-017", "population": 1005017, "zips": 100}}, {"type": "Feature", "geometry": {"type": "Polygon", "coordinates": [[[-98.767763, 34.135823], [-98.570593, 34.146777], [-98.50184796551724, 34.07803196551724], [-98.50184796551724, 26.22450756600598], [-98.669178, 26.238075], [-98.822533, 26.369522], [-98.95416768965516, 26.39723433322238], [-98.95416768965516, 34.21038470569008], [-98.767763, 34.135823]]]}, "properties": {"name": "Texas Zone 18", "state": "Texas", "code": "TE-018", "population": 1005017, "zips": 100}}, {"type": "Feature", "geometry": {"type": "Polygon", "coordinates": [[[-98.488439, 34.064623], [-98.36247, 34.157731], [-98.170777, 34.113915], [-98.088623, 34.004376], [-98.0495282413793, 33.999865309175235], [-98.0495282413793, 26.062551251334725], [-98.198161, 26.057336], [-98.466531, 26.221644], [-98.50184796551724, 26.22450756600598], [-98.50184796551724, 34.07803196551724], [-98.488439, 34.064623]]]}, "properties": {"name": "Texas Zone 19", "state": "Texas", "code": "TE-019", "population": 1005017, "zips": 100}}, {"type": "Feature", "geometry": {"type": "Polygon", "coordinates": [[[-97.946222, 33.987946], [-97.869545, 33.851022], [-97.694283, 33.982469], [-97.59720851724138, 33.95086308604782], [-97.59720851724138, 25.963422894270103], [-97.650467, 26.018997], [-97.885976, 26.06829], [-98.0495282413793, 26.062551251334725], [-98.0495282413793, 33.999865309175235], [-97.946222, 33.987946]]]}, "properties": {"name": "Texas Zone 20", "state": "Texas", "code": "TE-020", "population": 1005017, "zips": 100}}, {"type": "Feature", "geometry": {"type": "Polygon", "coordinates": [[[-97.458774, 33.905791], [-97.371143, 33.823637], [-97.256128, 33.861976], [-97.173974, 33.736006], [-97.14488879310345, 33.76192974626759], [-97.14488879310345, 27.861799326763386], [-97.256128, 27.694941], [-97.404005, 27.333463], [-97.513544, 27.360848], [-97.540929, 27.229401], [-97.425913, 27.262263], [-97.480682, 26.99937], [-97.557359, 26.988416], [-97.562836, 26.840538], [-97.469728, 26.758384], [-97.442344, 26.457153], [-97.332805, 26.353091], [-97.30542, 26.161398], [-97.217789, 25.991613], [-97.524498, 25.887551], [-97.59720851724138, 25.963422894270103], [-97.59720851724138, 33.95086308604782], [-97.458774, 33.905791]]]}, "properties": {"name": "Texas Zone 21", "state": "Texas", "code": "TE-021", "population": 1005017, "zips": 100}}, {"type": "Feature", "geometry": {"type": "Polygon", "coordinates": [[[-96.922034, 33.960561], [-96.850834, 33.845545], [-96.69256906896551, 33.845545], [-96.69256906896551, 28.38469195126922], [-96.774157, 28.406943], [-96.801542, 28.226204], [-97.026096, 28.039988], [-97.14488879310345, 27.861799326763386], [-97.14488879310345, 33.76192974626759], [-96.922034, 33.960561]]]}, "properties": {"name": "Texas Zone 22", "state": "Texas", "code": "TE-022", "population": 1005017, "zips": 100}}, {"type": "Feature", "geometry": {"type": "Polygon", "coordinates": [[[-96.631756, 33.845545], [-96.423633, 33.774345], [-96.346956, 33.686714], [-96.24024934482759, 33.769707824604716], [-96.24024934482759, 28.64097476516069], [-96.478402, 28.598636], [-96.593418, 28.724606], [-96.664618, 28.697221], [-96.401725, 28.439805], [-96.593418, 28.357651], [-96.69256906896551, 28.38469195126922], [-96.69256906896551, 33.845545], [-96.631756, 33.845545]]]}, "properties": {"name": "Texas Zone 23", "state": "Texas", "code": "TE-023", "population": 1005017, "zips": 100}}, {"type": "Feature", "geometry": {"type": "Polygon", "coordinates": [[[-96.149786, 33.840068], [-95.936185, 33.889361], [-95.8376, 33.834591], [-95.78792962068965, 33.855383305757385], [-95.78792962068965, 28.690315510675404], [-95.985477, 28.604113], [-96.045724, 28.647929], [-96.226463, 28.582205], [-96.23194, 28.642452], [-96.24024934482759, 28.64097476516069], [-96.24024934482759, 33.769707824604716], [-96.149786, 33.840068]]]}, "properties": {"name": "Texas Zone 24", "state": "Texas", "code": "TE-024", "population": 1005017, "zips": 100}}, {"type": "Feature", "geometry": {"type": "Polygon", "coordinates": [[[-95.602092, 33.933176], [-95.547322, 33.878407], [-95.33560989655172, 33.87390243466378], [-95.33560989655172, 28.905791247079243], [-95.383014, 28.867006], [-95.78792962068965, 28.690315510675404], [-95.78792962068965, 33.855383305757385], [-95.602092, 33.933176]]]}, "properties": {"name": "Texas Zone 25", "state": "Texas", "code": "TE-025", "population": 1005017, "zips": 100}}, {"type": "Feature", "geometry": {"type": "Polygon", "coordinates": [[[-95.289906, 33.87293], [-95.224183, 33.960561], [-94.966767, 33.861976], [-94.8832901724138, 33.76458622669112], [-94.8832901724138, 29.67494962475168], [-94.966767, 29.699501], [-95.016059, 29.557101], [-94.911997, 29.496854], [-94.895566, 29.310638], [-95.081782, 29.113469], [-95.33560989655172, 28.905791247079243], [-95.33560989655172, 33.87390243466378], [-95.289906, 33.87293]]]}, "properties": {"name": "Texas Zone 26", "state": "Texas", "code": "TE-026", "population": 1005017, "zips": 100}}, {"type": "Feature", "geometry": {"type": "Polygon", "coordinates": [[[-94.868182, 33.74696], [-94.484796, 33.637421], [-94.43097044827586, 33.589261350272615], [-94.43097044827586, 29.570400491661157], [-94.523134, 29.546147], [-94.70935, 29.622824], [-94.742212, 29.787132], [-94.873659, 29.672117], [-94.8832901724138, 29.67494962475168], [-94.8832901724138, 33.76458622669112], [-94.868182, 33.74696]]]}, "properties": {"name": "Texas Zone 27", "state": "Texas", "code": "TE-027", "population": 1005017, "zips": 100}}, {"type": "Feature", "geometry": {"type": "Polygon", "coordinates": [[[-94.380734, 33.544313], [-94.183564, 33.593606], [-94.041164, 33.54979], [-94.041164, 33.018527], [-94.041164, 31.994339], [-93.97865072413794, 31.931826009485057], [-93.97865072413794, 29.683875819003923], [-94.002825, 29.68307], [-94.43097044827586, 29.570400491661157], [-94.43097044827586, 33.589261350272615], [-94.380734, 33.544313]]]}, "properties": {"name": "Texas Zone 28", "state": "Texas", "code": "TE-028", "population": 1005017, "zips": 100}}, {"type": "Feature", "geometry": {"type": "Polygon", "coordinates": [[[-93.822086, 31.775262], [-93.816609, 31.556184], [-93.542762, 31.15089], [-93.526331, 30.93729], [-93.630393, 30.679874], [-93.728978, 30.575812], [-93.696116, 30.438888], [-93.767317, 30.334826], [-93.690639, 30.143133], [-93.926148, 29.787132], [-93.838517, 29.688547], [-93.97865072413794, 29.683875819003923], [-93.97865072413794, 31.931826009485057], [-93.822086, 31.775262]]]}, "properties": {"name": "Texas Zone 29", "state": "Texas", "code": "TE-029", "population": 1005017, "zips": 100}}, {"type": "Feature", "geometry": {"type": "Polygon", "coordinates": [[[-114.048427, 37.000263], [-114.04295, 41.995232], [-112.37978566666666, 41.995232], [-112.37978566666666, 37.00283809135739], [-114.048427, 37.000263]]]}, "properties": {"name": "Utah Zone 1", "state": "Utah", "code": "UT-001", "population": 1090538, "zips": 109}}, {"type": "Feature", "geometry": {"type": "Polygon", "coordinates": [[[-111.047063, 42.000709], [-111.047063, 40.998429], [-110.71114433333334, 40.998429], [-110.71114433333334, 37.005413182714776], [-112.37978566666666, 37.00283809135739], [-112.37978566666666, 41.995232], [-112.164359, 41.995232], [-111.047063, 42.000709]]]}, "properties": {"name": "Utah Zone 2", "state": "Utah", "code": "UT-002", "population": 1090538, "zips": 109}}, {"type": "Feature", "geometry": {"type": "Polygon", "coordinates": [[[-109.04798, 40.998429], [-109.053457, 39.125316], [-109.058934, 38.27639], [-109.042503, 38.166851], [-109.042503, 37.000263], [-110.499369, 37.00574], [-110.71114433333334, 37.005413182714776], [-110.71114433333334, 40.998429], [-109.04798, 40.998429]]]}, "properties": {"name": "Utah Zone 3", "state": "Utah", "code": "UT-003", "population": 1090538, "zips": 109}}, {"type": "Feature", "geometry": {"type": "Polygon", "coordinates": [[[-71.503554, 45.013027], [-71.4926, 44.914442], [-71.629524, 44.750133], [-71.536416, 44.585825], [-71.700724, 44.41604], [-72.034817, 44.322932], [-72.02934, 44.07647], [-72.116971, 43.994316], [-72.204602, 43.769761], [-72.379864, 43.572591], [-72.456542, 43.150867], [-72.445588, 43.008466], [-72.533219, 42.953697], [-72.544173, 42.80582], [-72.456542, 42.729142], [-73.267129, 42.745573], [-73.278083, 42.833204], [-73.245221, 43.523299], [-73.404052, 43.687607], [-73.349283, 43.769761], [-73.436914, 44.043608], [-73.321898, 44.246255], [-73.294514, 44.437948], [-73.387622, 44.618687], [-73.332852, 44.804903], [-73.343806, 45.013027], [-72.308664, 45.002073], [-71.503554, 45.013027]]]}, "properties": {"name": "Vermont Territory", "state": "Vermont", "code": "VE-001", "population": 643077, "zips": 64}}, {"type": "Feature", "geometry": {"type": "Polygon", "coordinates": [[[-83.673316, 36.600446], [-83.136575, 36.742847], [-83.070852, 36.852385], [-82.879159, 36.890724], [-82.868205, 36.978355], [-82.73675911111111, 37.03677529629655], [-82.73675911111111, 36.595300028822685], [-83.673316, 36.600446]]]}, "properties": {"name": "Virginia Zone 1", "state": "Virginia", "code": "VI-001", "population": 959043, "zips": 95}}, {"type": "Feature", "geometry": {"type": "Polygon", "coordinates": [[[-82.73675911111111, 36.595300028822685], [-82.73675911111111, 37.03677529629655], [-82.720328, 37.044078], [-82.720328, 37.120755], [-82.353373, 37.268633], [-81.969987, 37.537003], [-81.986418, 37.454849], [-81.849494, 37.285064], [-81.80020222222223, 37.261213149150066], [-81.80020222222223, 36.59015405764537], [-82.73675911111111, 36.595300028822685]]]}, "properties": {"name": "Virginia Zone 2", "state": "Virginia", "code": "VI-002", "population": 959043, "zips": 95}}, {"type": "Feature", "geometry": {"type": "Polygon", "coordinates": [[[-80.978661, 36.562108], [-81.679709, 36.589492], [-81.80020222222223, 36.59015405764537], [-81.80020222222223, 37.261213149150066], [-81.679709, 37.20291], [-81.55374, 37.208387], [-81.362047, 37.339833], [-81.225123, 37.235771], [-80.967707, 37.290541], [-80.86364533333334, 37.33442245052494], [-80.86364533333334, 36.55934759577604], [-80.978661, 36.562108]]]}, "properties": {"name": "Virginia Zone 3", "state": "Virginia", "code": "VI-003", "population": 959043, "zips": 95}}, {"type": "Feature", "geometry": {"type": "Polygon", "coordinates": [[[-80.294043, 36.545677], [-80.86364533333334, 36.55934759577604], [-80.86364533333334, 37.33442245052494], [-80.513121, 37.482234], [-80.474782, 37.421987], [-80.29952, 37.509618], [-80.294043, 37.690357], [-80.184505, 37.849189], [-79.998289, 37.997066], [-79.92708844444445, 38.1648940238211], [-79.92708844444445, 36.543110854738906], [-80.294043, 36.545677]]]}, "properties": {"name": "Virginia Zone 4", "state": "Virginia", "code": "VI-004", "population": 959043, "zips": 95}}, {"type": "Feature", "geometry": {"type": "Polygon", "coordinates": [[[-79.510841, 36.5402], [-79.92708844444445, 36.543110854738906], [-79.92708844444445, 38.1648940238211], [-79.921611, 38.177805], [-79.724442, 38.364021], [-79.647764, 38.594052], [-79.477979, 38.457129], [-79.313671, 38.413313], [-79.209609, 38.495467], [-78.996008, 38.851469], [-78.99053155555555, 38.84765928250513], [-78.99053155555555, 36.541764857620244], [-79.510841, 36.5402]]]}, "properties": {"name": "Virginia Zone 5", "state": "Virginia", "code": "VI-005", "population": 959043, "zips": 95}}, {"type": "Feature", "geometry": {"type": "Polygon", "coordinates": [[[-78.05397466666666, 39.27498066973215], [-78.05397466666666, 36.54458160100251], [-78.99053155555555, 36.541764857620244], [-78.99053155555555, 38.84765928250513], [-78.870039, 38.763838], [-78.404499, 39.169131], [-78.349729, 39.464886], [-78.05397466666666, 39.27498066973215]]]}, "properties": {"name": "Virginia Zone 6", "state": "Virginia", "code": "VI-006", "population": 959043, "zips": 95}}, {"type": "Feature", "geometry": {"type": "Polygon", "coordinates": [[[-77.82942, 39.130793], [-77.719881, 39.322485], [-77.566527, 39.306055], [-77.456988, 39.223901], [-77.456988, 39.076023], [-77.248864, 39.026731], [-77.117418, 38.933623], [-77.11741777777777, 38.93362258729909], [-77.11741777777777, 38.65224550433954], [-77.128372, 38.632391], [-77.248864, 38.588575], [-77.325542, 38.446175], [-77.281726, 38.342113], [-77.11741777777777, 38.36223259905603], [-77.11741777777777, 36.54739834438479], [-78.05397466666666, 36.54458160100251], [-78.05397466666666, 39.27498066973215], [-77.82942, 39.130793]]]}, "properties": {"name": "Virginia Zone 7", "state": "Virginia", "code": "VI-007", "population": 959043, "zips": 95}}, {"type": "Feature", "geometry": {"type": "MultiPolygon", "coordinates": [[[[-77.040741, 38.791222], [-77.11741777777777, 38.65224550433954], [-77.11741777777777, 38.93362258729909], [-77.040741, 38.791222]]], [[[-77.013356, 38.374975], [-76.964064, 38.216144], [-76.613539, 38.15042], [-76.514954, 38.024451], [-76.235631, 37.887527], [-76.3616, 37.608203], [-76.246584, 37.389126], [-76.383508, 37.285064], [-76.399939, 37.159094], [-76.273969, 37.082417], [-76.410893, 36.961924], [-76.619016, 37.120755], [-76.668309, 37.065986], [-76.48757, 36.95097], [-76.18086088888889, 36.93393105432131], [-76.18086088888889, 36.55021508776706], [-77.11741777777777, 36.54739834438479], [-77.11741777777777, 38.36223259905603], [-77.013356, 38.374975]]]]}, "properties": {"name": "Virginia Zone 8", "state": "Virginia", "code": "VI-008", "population": 959043, "zips": 95}}, {"type": "Feature", "geometry": {"type": "GeometryCollection", "geometries": [{"type": "Polygon", "coordinates": [[[-75.244304, 38.029928], [-75.375751, 37.860142], [-75.512674, 37.799896], [-75.594828, 37.569865], [-75.802952, 37.197433], [-75.972737, 37.120755], [-76.027507, 37.257679], [-75.939876, 37.564388], [-75.671506, 37.95325], [-75.397659, 38.013497], [-75.244304, 38.029928]]]}, {"type": "Polygon", "coordinates": [[[-75.994645, 36.923586], [-75.868676, 36.551154], [-76.18086088888889, 36.55021508776706], [-76.18086088888889, 36.93393105432131], [-75.994645, 36.923586]]]}, {"type": "LineString", "coordinates": [[-76.016553, 37.95325], [-75.994645, 37.95325]]}, {"type": "LineString", "coordinates": [[-76.016553, 37.95325], [-76.043938, 37.95325]]}]}, "properties": {"name": "Virginia Zone 9", "state": "Virginia", "code": "VI-009", "population": 959043, "zips": 95}}, {"type": "Feature", "geometry": {"type": "Polygon", "coordinates": [[[-123.874058, 46.239861], [-124.065751, 46.327492], [-124.027412, 46.464416], [-123.895966, 46.535616], [-124.098612, 46.74374], [-124.235536, 47.285957], [-124.31769, 47.357157], [-124.427229, 47.740543], [-124.624399, 47.88842], [-124.706553, 48.184175], [-124.597014, 48.381345], [-124.394367, 48.288237], [-123.983597, 48.162267], [-123.73302687500001, 48.16718019247406], [-123.73302687500001, 46.297318513544106], [-123.874058, 46.239861]]]}, "properties": {"name": "Washington Zone 1", "state": "Washington", "code": "WA-001", "population": 963160, "zips": 96}}, {"type": "Feature", "geometry": {"type": "MultiPolygon", "coordinates": [[[[-122.762239, 45.659305], [-122.811531, 45.960537], [-122.904639, 46.08103], [-123.11824, 46.185092], [-123.211348, 46.174138], [-123.370179, 46.146753], [-123.545441, 46.261769], [-123.72618, 46.300108], [-123.73302687500001, 46.297318513544106], [-123.73302687500001, 48.16718019247406], [-123.704273, 48.167744], [-123.424949, 48.118452], [-123.162056, 48.167744], [-123.036086, 48.080113], [-122.800578, 48.08559], [-122.75950075, 48.030820500000004], [-122.75950075, 45.658722397464615], [-122.762239, 45.659305]]], [[[-122.795101, 48.8907], [-122.75950075, 48.99241407143508], [-122.75950075, 48.86301121090528], [-122.795101, 48.8907]]], [[[-122.767716, 48.227991], [-122.75950075, 48.24168291667173], [-122.75950075, 48.22402496730173], [-122.767716, 48.227991]]], [[[-122.915593, 48.715438], [-122.767716, 48.556607], [-122.811531, 48.419683], [-123.041563, 48.458022], [-123.025132, 48.583992], [-122.915593, 48.715438]]]]}, "properties": {"name": "Washington Zone 2", "state": "Washington", "code": "WA-002", "population": 963160, "zips": 96}}, {"type": "Feature", "geometry": {"type": "MultiPolygon", "coordinates": [[[[-121.809251, 45.708598], [-122.247407, 45.549767], [-122.75950075, 45.658722397464615], [-122.75950075, 48.030820500000004], [-122.636269, 47.866512], [-122.515777, 47.882943], [-122.493869, 47.587189], [-122.422669, 47.318818], [-122.324084, 47.346203], [-122.422669, 47.576235], [-122.395284, 47.800789], [-122.230976, 48.030821], [-122.362422, 48.123929], [-122.373376, 48.288237], [-122.471961, 48.468976], [-122.422669, 48.600422], [-122.488392, 48.753777], [-122.647223, 48.775685], [-122.75950075, 48.86301121090528], [-122.75950075, 48.99241407143508], [-122.756762, 49.000239], [-121.785974625, 49.000239], [-121.785974625, 45.70999459779959], [-121.809251, 45.708598]]], [[[-122.586977, 48.35396], [-122.608885, 48.151313], [-122.75950075, 48.22402496730173], [-122.75950075, 48.24168291667173], [-122.718423, 48.310145], [-122.586977, 48.35396]]]]}, "properties": {"name": "Washington Zone 3", "state": "Washington", "code": "WA-003", "population": 963160, "zips": 96}}, {"type": "Feature", "geometry": {"type": "Polygon", "coordinates": [[[-121.18488, 45.604536], [-121.217742, 45.670259], [-121.535404, 45.725029], [-121.785974625, 45.70999459779959], [-121.785974625, 49.000239], [-120.8124485, 49.000239], [-120.8124485, 45.70136857079957], [-121.18488, 45.604536]]]}, "properties": {"name": "Washington Zone 4", "state": "Washington", "code": "WA-004", "population": 963160, "zips": 96}}, {"type": "Feature", "geometry": {"type": "Polygon", "coordinates": [[[-119.963522, 45.823614], [-120.209985, 45.725029], [-120.505739, 45.697644], [-120.637186, 45.746937], [-120.8124485, 45.70136857079957], [-120.8124485, 49.000239], [-119.83892237500001, 49.000239], [-119.83892237500001, 45.848533925], [-119.963522, 45.823614]]]}, "properties": {"name": "Washington Zone 5", "state": "Washington", "code": "WA-005", "population": 963160, "zips": 96}}, {"type": "Feature", "geometry": {"type": "Polygon", "coordinates": [[[-118.988627, 45.998876], [-119.125551, 45.933153], [-119.525367, 45.911245], [-119.83892237500001, 45.848533925], [-119.83892237500001, 49.000239], [-118.86539625, 49.000239], [-118.86539625, 45.99854998910306], [-118.988627, 45.998876]]]}, "properties": {"name": "Washington Zone 6", "state": "Washington", "code": "WA-006", "population": 963160, "zips": 96}}, {"type": "Feature", "geometry": {"type": "Polygon", "coordinates": [[[-118.86539625, 45.99854998910306], [-118.86539625, 49.000239], [-117.891870125, 49.000239], [-117.891870125, 45.99597449455153], [-118.86539625, 45.99854998910306]]]}, "properties": {"name": "Washington Zone 7", "state": "Washington", "code": "WA-007", "population": 963160, "zips": 96}}, {"type": "Feature", "geometry": {"type": "Polygon", "coordinates": [[[-117.044313, 47.762451], [-117.038836, 46.426077], [-117.055267, 46.343923], [-116.92382, 46.168661], [-116.918344, 45.993399], [-117.891870125, 45.99597449455153], [-117.891870125, 49.000239], [-117.033359, 49.000239], [-117.044313, 47.762451]]]}, "properties": {"name": "Washington Zone 8", "state": "Washington", "code": "WA-008", "population": 963160, "zips": 96}}, {"type": "Feature", "geometry": {"type": "Polygon", "coordinates": [[[-80.518598, 39.722302], [-80.170812, 39.722302], [-80.170812, 37.86006282266293], [-80.184505, 37.849189], [-80.294043, 37.690357], [-80.29952, 37.509618], [-80.474782, 37.421987], [-80.513121, 37.482234], [-80.967707, 37.290541], [-81.225123, 37.235771], [-81.362047, 37.339833], [-81.55374, 37.208387], [-81.679709, 37.20291], [-81.849494, 37.285064], [-81.986418, 37.454849], [-81.969987, 37.537003], [-82.101434, 37.553434], [-82.293127, 37.668449], [-82.342419, 37.783465], [-82.50125, 37.931343], [-82.621743, 38.123036], [-82.594358, 38.424267], [-82.331465, 38.446175], [-82.293127, 38.577622], [-82.172634, 38.632391], [-82.221926, 38.785745], [-82.03571, 39.026731], [-81.887833, 38.873376], [-81.783771, 38.966484], [-81.811156, 39.0815], [-81.685186, 39.273193], [-81.57017, 39.267716], [-81.455155, 39.410117], [-81.345616, 39.344393], [-81.219646, 39.388209], [-80.830783, 39.711348], [-80.737675, 40.078303], [-80.600752, 40.319289], [-80.595275, 40.472643], [-80.666475, 40.582182], [-80.518598, 40.636951], [-80.518598, 39.722302]]]}, "properties": {"name": "West Virginia Zone 1", "state": "West Virginia", "code": "WE-001", "population": 896858, "zips": 89}}, {"type": "Feature", "geometry": {"type": "Polygon", "coordinates": [[[-79.477979, 39.722302], [-79.488933, 39.20747], [-79.291763, 39.300578], [-79.094593, 39.470363], [-78.963147, 39.437501], [-78.765977, 39.585379], [-78.470222, 39.514178], [-78.431884, 39.623717], [-78.267575, 39.61824], [-78.174467, 39.694917], [-78.004682, 39.601809], [-77.834897, 39.601809], [-77.719881, 39.322485], [-77.82942, 39.130793], [-78.349729, 39.464886], [-78.404499, 39.169131], [-78.870039, 38.763838], [-78.996008, 38.851469], [-79.209609, 38.495467], [-79.313671, 38.413313], [-79.477979, 38.457129], [-79.647764, 38.594052], [-79.724442, 38.364021], [-79.921611, 38.177805], [-79.998289, 37.997066], [-80.170812, 37.86006282266293], [-80.170812, 39.722302], [-79.477979, 39.722302]]]}, "properties": {"name": "West Virginia Zone 2", "state": "West Virginia", "code": "WE-002", "population": 896858, "zips": 89}}, {"type": "Feature", "geometry": {"type": "Polygon", "coordinates": [[[-91.927065, 44.333886], [-92.233773, 44.443425], [-92.337835, 44.552964], [-92.545959, 44.569394], [-92.808852, 44.750133], [-92.737652, 45.117088], [-92.75956, 45.286874], [-92.644544, 45.440228], [-92.770513, 45.566198], [-92.885529, 45.577151], [-92.869098, 45.719552], [-92.639067, 45.933153], [-92.354266, 46.015307], [-92.29402, 46.075553], [-92.29402, 46.667063], [-92.091373, 46.749217], [-92.014696, 46.705401], [-91.90972083333334, 46.70028021455471], [-91.90972083333334, 44.28763524074753], [-91.927065, 44.333886]]]}, "properties": {"name": "Wisconsin Zone 1", "state": "Wisconsin", "code": "WI-001", "population": 982286, "zips": 98}}, {"type": "Feature", "geometry": {"type": "Polygon", "coordinates": [[[-91.067185, 42.75105], [-91.143862, 42.909881], [-91.176724, 43.134436], [-91.056231, 43.254929], [-91.204109, 43.353514], [-91.215062, 43.501391], [-91.269832, 43.616407], [-91.242447, 43.775238], [-91.43414, 43.994316], [-91.592971, 44.032654], [-91.877772, 44.202439], [-91.90972083333334, 44.28763524074753], [-91.90972083333334, 46.70028021455471], [-91.790141, 46.694447], [-91.09457, 46.864232], [-90.93391266666667, 46.922342152407], [-90.93391266666667, 42.70799267518724], [-91.067185, 42.75105]]]}, "properties": {"name": "Wisconsin Zone 2", "state": "Wisconsin", "code": "WI-002", "population": 982286, "zips": 98}}, {"type": "Feature", "geometry": {"type": "Polygon", "coordinates": [[[-90.229213, 46.508231], [-90.119674, 46.338446], [-89.9581045, 46.306647690584015], [-89.9581045, 42.504012749702355], [-90.639984, 42.510065], [-90.711184, 42.636034], [-90.93391266666667, 42.70799267518724], [-90.93391266666667, 46.922342152407], [-90.837154, 46.95734], [-90.749522, 46.88614], [-90.886446, 46.754694], [-90.55783, 46.584908], [-90.415429, 46.568478], [-90.229213, 46.508231]]]}, "properties": {"name": "Wisconsin Zone 3", "state": "Wisconsin", "code": "WI-003", "population": 982286, "zips": 98}}, {"type": "Feature", "geometry": {"type": "Polygon", "coordinates": [[[-89.09001, 46.135799], [-88.98229633333334, 46.09851365516157], [-88.98229633333334, 42.49535163689995], [-89.9581045, 42.504012749702355], [-89.9581045, 46.306647690584015], [-89.09001, 46.135799]]]}, "properties": {"name": "Wisconsin Zone 4", "state": "Wisconsin", "code": "WI-004", "population": 982286, "zips": 98}}, {"type": "Feature", "geometry": {"type": "Polygon", "coordinates": [[[-88.662808, 45.987922], [-88.531362, 46.020784], [-88.10416, 45.922199], [-88.00648816666667, 45.81522407633788], [-88.00648816666667, 44.66258612259733], [-88.043914, 44.563917], [-88.00648816666667, 44.55500633522292], [-88.00648816666667, 42.493634], [-88.788778, 42.493634], [-88.98229633333334, 42.49535163689995], [-88.98229633333334, 46.09851365516157], [-88.662808, 45.987922]]]}, "properties": {"name": "Wisconsin Zone 5", "state": "Wisconsin", "code": "WI-005", "population": 982286, "zips": 98}}, {"type": "Feature", "geometry": {"type": "MultiPolygon", "coordinates": [[[[-87.989145, 45.796229], [-87.781021, 45.675736], [-87.791975, 45.500474], [-87.885083, 45.363551], [-87.649574, 45.341643], [-87.742682, 45.199243], [-87.589328, 45.095181], [-87.627666, 44.974688], [-87.819359, 44.95278], [-87.983668, 44.722749], [-88.00648816666667, 44.66258612259733], [-88.00648816666667, 45.81522407633788], [-87.989145, 45.796229]]], [[[-87.928898, 44.536533], [-87.775544, 44.640595], [-87.611236, 44.837764], [-87.403112, 44.914442], [-87.238804, 45.166381], [-87.03068, 45.22115], [-87.047111, 45.089704], [-87.189511, 44.969211], [-87.468835, 44.552964], [-87.545512, 44.322932], [-87.540035, 44.158624], [-87.644097, 44.103854], [-87.737205, 43.8793], [-87.704344, 43.687607], [-87.791975, 43.561637], [-87.912467, 43.249452], [-87.885083, 43.002989], [-87.76459, 42.783912], [-87.802929, 42.493634], [-88.00648816666667, 42.493634], [-88.00648816666667, 44.55500633522292], [-87.928898, 44.536533]]]]}, "properties": {"name": "Wisconsin Zone 6", "state": "Wisconsin", "code": "WI-006", "population": 982286, "zips": 98}}, {"type": "Feature", "geometry": {"type": "Polygon", "coordinates": [[[-109.080842, 45.002073], [-105.91517, 45.002073], [-104.058488, 44.996596], [-104.053011, 43.002989], [-104.053011, 41.003906], [-105.728954, 40.998429], [-107.919731, 41.003906], [-109.04798, 40.998429], [-111.047063, 40.998429], [-111.047063, 42.000709], [-111.047063, 44.476286], [-111.05254, 45.002073], [-109.080842, 45.002073]]]}, "properties": {"name": "Wyoming Territory", "state": "Wyoming", "code": "WY-001", "population": 576851, "zips": 57}}]}